unix,open,high,low,close,Volume ETH,Volume USDT
1.61032E+12,1254.24,1260,1224.52,1226.84,22862.00677,28340228.96
1.61024E+12,1276,1348.33,1170,1254.25,1951179.35,2517791852
1.61015E+12,1216.72,1304.37,1171.36,1276,1448871.115,1780137376
1.61006E+12,1224.86,1273.75,1065,1216.93,2131172.923,2543427453
1.60998E+12,1208.75,1289,1131,1224.87,1972922.821,2406219891
1.60989E+12,1100.16,1213,1057.26,1208.42,2390136.593,2725262121
1.6098E+12,1041.45,1134.6,974.45,1099.56,2706995.675,2857050280
1.60972E+12,978.33,1162.97,890,1041.43,4245010.94,4303634203
1.60963E+12,774.44,1011.07,768.71,978.28,2813603.886,2522411860
1.60955E+12,728.91,787.69,714.91,774.56,1352618.577,1024472183
1.60946E+12,736.42,749,714.29,728.91,675114.0933,496072043.8
1.60937E+12,752.17,755.74,722,736.42,863375.5798,638503822.4
1.60929E+12,732,758.74,716.62,752.17,1008574.099,743546676.8
1.6092E+12,730.4,740.78,689.2,732,1106876.359,794643540.5
1.60911E+12,685.1,748.09,681.04,730.41,1627154.393,1180438285
1.60903E+12,637.44,717.13,625,685.11,1859968.15,1247547957
1.60894E+12,626.78,652.91,615.26,637.44,958585.5065,607664782
1.60885E+12,612.31,634.24,604.28,626.82,798009.6292,494089140.9
1.60877E+12,585.48,615.02,565.43,612.31,886335.8633,519843557
1.60868E+12,636.41,638.44,551.28,585.56,1208807.365,733443630.4
1.6086E+12,607.68,637.73,588,636.45,918851.2565,563872004.6
1.60851E+12,638.1,648,595.9,607.58,843251.1657,524208673.9
1.60842E+12,658.05,661.39,621.01,638.18,823958.2284,533109285.7
1.60834E+12,653.76,669.95,645.42,658.03,858803.8846,564029933.3
1.60825E+12,642.71,664.61,629.4,653.85,1000012.98,646217791.2
1.60816E+12,637.18,676.25,625.76,642.7,2006130.02,1307445033
1.60808E+12,588.78,640,580.71,637.18,1185588.051,725009244.4
1.60799E+12,586.29,597.2,578.58,588.64,569270.5201,334543178.4
1.6079E+12,590.81,591.48,575.6,586.29,493012.0271,288110224
1.60782E+12,568.09,595,563.22,590.7,657794.4616,383072560.3
1.60773E+12,544.46,574,543.1,568.04,573913.9531,320867352.5
1.60764E+12,558.99,560.8,535.5,544.43,768921.7832,419607430.4
1.60756E+12,573.2,575.7,548.11,558.99,608414.5147,341352126.3
1.60747E+12,554.92,578.08,530.43,573.09,997192.1674,555142155.9
1.60739E+12,591.27,595,549.22,554.94,804443.0072,461781203.2
1.6073E+12,601.59,603.15,584.22,591.28,498329.3759,295598087
1.60721E+12,596.82,607.5,583,601.54,602496.9634,359236400.3
1.60713E+12,567.24,597.11,560.88,596.8,701567.9556,410382624.7
1.60704E+12,615.84,620,565.82,567.24,1052452.787,624543865.9
1.60695E+12,596.88,623.44,585.82,615.85,935687.9172,568024618.9
1.60687E+12,585.26,604.93,575,596.89,1069538.656,632858653.2
1.60678E+12,616.65,635.7,560,585.26,2163875.814,1300668283
1.60669E+12,576.32,616.85,570.07,616.66,1501989.454,895373784.8
1.60661E+12,537.5,576.9,530.32,576.3,855276.4666,471629262.2
1.60652E+12,518.59,547.94,506.59,537.52,900508.6143,475169074.7
1.60644E+12,519.83,530.62,493.72,518.68,1088064.281,558985308.9
1.60635E+12,569.38,577.14,481,519.83,2683460.742,1386030255
1.60626E+12,604.98,606,553.83,569.5,1219440.027,716972340.7
1.60618E+12,608.58,623,585,604.97,1606450.492,976376501.3
1.60609E+12,560.03,610.85,550.12,608.58,2076008.848,1218150934
1.606E+12,552.42,580.88,511.28,560.03,1850317.936,1014064539
1.60592E+12,510.12,553.32,502.82,552.35,1548851.291,815402228.5
1.60583E+12,471.26,514.4,470.65,510.12,1516361.907,756660192.9
1.60574E+12,478.43,480.75,464.86,471.25,817418.5269,387199111.4
1.60566E+12,482.11,495.31,456.6,478.41,1477696.291,706704397.4
1.60557E+12,460.51,484.88,459.8,482.15,1151573.375,544239665.4
1.60548E+12,448.07,466,445.45,460.55,812060.4464,370889706.7
1.6054E+12,460.9,462.89,440.19,448.08,665217.5667,301406126.5
1.60531E+12,476.42,477.47,452,460.89,735252.7854,340142257.2
1.60523E+12,462.48,478.01,457.12,476.43,976665.0975,456232937.2
1.60514E+12,463.09,470,451.2,462.39,990776.6291,455971309.2
1.60505E+12,450.34,476.25,449.28,463.09,1205782.843,559228791.9
1.60497E+12,444.32,455,438.7,450.34,866872.4111,388190148.2
1.60488E+12,454.29,459.1,433.09,444.32,1099213.246,491928165
1.60479E+12,435.2,460.1,431.99,454.3,840908.4684,375679148.2
1.60471E+12,455.91,468.28,424.14,435.21,1653416.596,743871175.8
1.60462E+12,416.73,458.27,414.76,455.91,1682440.96,736015135.6
1.60453E+12,402.5,420.4,396.14,416.69,1475139.773,601591250.4
1.60445E+12,387.88,408.39,376.47,402.49,1157064.351,454481208.4
1.60436E+12,383.01,390,370.23,387.88,752954.3711,286291774
1.60428E+12,396.68,404.5,377.92,383.02,779968.5796,304223545.9
1.60419E+12,386.44,398.29,384.61,396.67,438952.9557,171238317.7
1.6041E+12,382.59,394.88,379.9,386.46,467453.8105,181136851.5
1.60402E+12,387.12,391.97,373.29,382.49,771750.7475,294342546
1.60393E+12,388.22,393.72,380.52,387.13,573096.0142,222669504.9
1.60384E+12,403.41,409.2,380.52,388.23,855275.4688,335751199.3
1.60376E+12,392.52,410.25,389.9,403.45,754244.3755,302522886.8
1.60367E+12,405.85,411.11,382.3,392.52,895142.6727,356208480.6
1.60358E+12,412.14,417.4,402.5,405.86,415586.9761,170054743.3
1.6035E+12,409.19,416.66,407,412.14,419236.8711,172799824.6
1.60341E+12,413.94,419.33,401.3,409.11,727832.3224,299943190.9
1.60332E+12,390.31,420.73,390.21,413.98,1095897.207,447211002.5
1.60324E+12,368.53,401.49,367.74,390.38,1221663.638,472488832.7
1.60315E+12,379.3,380.73,365.27,368.52,617309.8168,229928443.8
1.60307E+12,378.12,384.32,372.5,379.3,577252.9027,218372640
1.60298E+12,368.31,378.64,367.1,378.11,323468.471,120818450.6
1.60289E+12,365.5,370.46,363.36,368.32,285578.2454,104838880.5
1.60281E+12,377.63,379.83,361.18,365.5,654029.364,241127894.7
1.60272E+12,378.69,381.79,369.85,377.64,634038.0945,238396852.8
1.60263E+12,381.05,387.41,373.13,378.69,569557.8294,216288027
1.60255E+12,386.51,387.75,374.51,381.04,645141.9139,246276552
1.60246E+12,374.17,394.8,365.58,386.51,844422.6544,320587055.5
1.60237E+12,370.51,377.6,368.87,374.16,373318.2378,139329772.5
1.60229E+12,365.01,378.4,364.71,370.52,591005.3213,220607973
1.6022E+12,350.94,368.33,347.32,365.02,650478.1934,232878561.9
1.60212E+12,341.58,353.32,334.21,350.95,631794.8756,217322067
1.60203E+12,340.8,342.85,332.18,341.58,541928.8638,183873686.4
1.60194E+12,353.63,355.1,336.8,340.75,640063.2695,221765553.6
1.60186E+12,352.34,356.1,348.54,353.62,376740.3069,132656713
1.60177E+12,345.94,354.45,343.81,352.37,343932.9171,119961274.7
1.60168E+12,345.6,351,343.7,345.95,303595.719,105401893.4
1.6016E+12,352.83,354.55,334.24,345.6,733571.8421,251829017.5
1.60151E+12,359.83,370.45,345.51,352.85,758349.3196,271468849.8
1.60142E+12,359.78,361.5,351.56,359.83,498943.2323,177784824.5
1.60134E+12,353.91,360.63,350.45,359.79,585143.1689,208028826.5
1.60125E+12,357.58,368.2,351.7,353.96,757758.4304,273063157.8
1.60116E+12,353.95,362.14,347.24,357.49,569568.5504,202411362.7
1.60108E+12,351.93,356.4,345.88,353.92,530879.2076,186812160.4
1.60099E+12,348.97,358,337.58,351.92,860643.7792,298266918.8
1.60091E+12,320.72,353.1,316.67,348.97,1071705.097,360708689.4
1.60082E+12,344.18,344.65,313.29,320.72,940904.4976,313808761.1
1.60073E+12,340.31,346.91,335.34,344.21,842731.1288,288166815.5
1.60065E+12,371.04,376.8,331,340.36,1283946.031,452134893.6
1.60056E+12,385.25,385.45,365,371.04,693164.4014,259700927.5
1.60047E+12,384.4,388.72,377,385.25,570908.3355,218785730.1
1.60039E+12,389.35,392.58,375.33,384.39,804194.4722,308748579.8
1.6003E+12,365.04,394.14,363.3,389.36,1256300.411,479026710.9
1.60021E+12,364.05,373.45,355,365.11,841709.9894,306622238.1
1.60013E+12,377.12,382.47,362.34,364.06,883856.3301,328317009.6
1.60004E+12,366.43,384.64,355.73,377.12,1042059.623,387238794.7
1.59996E+12,387.78,390.43,350,366.42,989195.6905,367969518.5
1.59987E+12,373.62,388.57,364.73,387.78,766542.3164,287133871.2
1.59978E+12,367.93,375.27,355.49,373.63,844017.5997,308822715.1
1.5997E+12,350.85,377.25,349.91,367.93,1134287.611,416598205.7
1.59961E+12,337.41,359,330.51,350.85,879760.5626,304910633.8
1.59952E+12,353.59,356.58,325.38,337.39,1400246.83,476444912.5
1.59944E+12,352.85,358.51,323,353.59,1740618.425,596754172.7
1.59935E+12,335.04,360,316.1,352.8,2017811.147,691925087.4
1.59926E+12,385.3,395,308.42,335.01,2777166.514,967730464.9
1.59918E+12,381.35,400.21,357,385.26,1806488.225,696658932.1
1.59909E+12,439.5,450.7,372,381.4,2408569.342,995567239
1.599E+12,475.4,481.39,420,439.5,1880642.469,844475154.7
1.59892E+12,433.8,488.84,429.03,475.4,1751354.577,813662129.7
1.59883E+12,428.94,439,418.04,433.79,1040748.689,447866996.2
1.59875E+12,398.65,429.89,398.3,428.94,894979.7179,370467271.1
1.59866E+12,395.1,405.69,391.88,398.65,659802.6334,263787683
1.59857E+12,383.31,398,379.75,395.11,732601.4691,286555002
1.59849E+12,385.81,397.1,371.48,383.27,877763.7366,336647752.3
1.5984E+12,382.91,392.91,377.37,385.81,738690.7794,284504413.1
1.59831E+12,407.68,409.06,370,382.93,970445.384,375681480.2
1.59823E+12,390.72,410.42,387.44,407.68,717403.8188,287991794.2
1.59814E+12,395.23,396.95,383.15,390.71,445317.8199,173799978
1.59805E+12,387.93,397.04,379.92,395.24,643235.7654,250069873.4
1.59797E+12,415.94,418.68,385.1,387.97,860998.7256,347455883.5
1.59788E+12,407.46,418.98,402.07,415.94,663555.7345,273292342.2
1.5978E+12,421.92,426.75,393.25,407.46,978339.6922,400208683.3
1.59771E+12,430.89,433.81,415,421.95,743254.5702,316635287
1.59762E+12,433.61,446,420.37,430.89,868870.65,375038999.5
1.59754E+12,432.3,436.99,412.47,433.62,716666.2526,305445885.8
1.59745E+12,438.12,442.94,427.02,432.32,681698.5971,296652970.5
1.59736E+12,424.54,444.71,417.05,438.11,1109670.943,477180580.1
1.59728E+12,387.18,431.49,376.59,424.54,1511330.773,604810975.1
1.59719E+12,378.99,389.23,365.85,387.18,751848.7983,285872467.6
1.5971E+12,395.43,398.21,367,379,992412.6023,381981614.6
1.59702E+12,390.14,399.18,385.13,395.44,826969.9063,326372434.9
1.59693E+12,397.05,400,383.36,390.14,594900.5813,233057462.9
1.59684E+12,379.34,397.05,375.79,397.03,623029.7805,240999198
1.59676E+12,394.77,398.26,362.85,379.34,1041207.359,398625567.1
1.59667E+12,400.72,403.66,390.51,394.77,821379.084,325718417.7
1.59659E+12,389.59,407,384.11,400.72,1124119.067,444335097.1
1.5965E+12,385.91,402.98,380.77,389.61,1180792.424,461794422.2
1.59641E+12,372.45,398,366.5,385.94,1191565.094,462170587.5
1.59633E+12,387.01,415.85,325,372.42,2324909.096,878397036.3
1.59624E+12,346.32,392.67,343.07,387,1440843.342,527543444.9
1.59615E+12,334.82,349.45,328.4,346.33,948088.4498,323282981
1.59607E+12,317.76,342,314.05,334.87,1008827.567,328286452.5
1.59598E+12,316.77,325,312.38,317.71,792802.3215,254201662.1
1.59589E+12,321.95,326.8,305.86,316.77,1093231.556,346187853.3
1.59581E+12,311.02,333.31,310.78,321.93,1636122.347,527292799.3
1.59572E+12,305.31,318.75,299,311,1270368.753,392346895.3
1.59564E+12,279.15,308.94,279.09,305.26,1058927.306,308799629.4
1.59555E+12,275.31,287.34,266,279.15,926033.0669,256347245.5
1.59546E+12,263.75,279.98,259.7,275.3,1068774.579,287217202.7
1.59538E+12,245.53,269.61,241.51,263.74,718417.683,180692677.2
1.59529E+12,236,246.66,235.57,245.59,637462.0807,154502240.9
1.5952E+12,239.12,239.72,234.05,236.01,396657.9194,94314378.94
1.59512E+12,235.67,239.92,233.28,239.11,348803.5207,82120072.99
1.59503E+12,232.66,236.8,232.32,235.67,341356.6182,80046747.83
1.59494E+12,233.58,234.84,231.65,232.67,325600.2144,75931058.42
1.59486E+12,238.59,239.39,230.02,233.57,587161.7389,137208323.2
1.59477E+12,240.45,241.45,236.83,238.61,368350.6652,88059682.48
1.59468E+12,239.5,242.09,237,240.44,426320.8919,102105027.1
1.5946E+12,242.76,245.33,237.33,239.5,604093.0425,146193291.9
1.59451E+12,239.19,244,236.52,242.79,469315.1172,112487552.4
1.59443E+12,241.27,241.67,237.54,239.19,294476.0063,70548557.68
1.59434E+12,241.97,242.16,235.72,241.26,455025.1239,108806462.5
1.59425E+12,246.94,247.9,237.88,241.98,647641.5829,157541370
1.59417E+12,239.39,248.88,237.78,246.95,958185.8371,233460700.8
1.59408E+12,241.6,243.77,234.4,239.39,600424.9721,143122828.4
1.59399E+12,227.54,242,226.93,241.6,864817.507,203334727.9
1.59391E+12,229.24,229.85,223.05,227.56,355747.1201,80528660.62
1.59382E+12,224.86,230.71,224.43,229.17,307726.4659,69899468.28
1.59373E+12,226.46,228.13,223.97,224.87,314578.5004,71286978.5
1.59365E+12,230.99,232.01,222.87,226.46,592485.9112,134976975.1
1.59356E+12,225.59,232.71,224.16,230.99,517351.5887,118322932.9
1.59348E+12,227.98,228.7,222.91,225.6,415036.0298,93802207.27
1.59339E+12,224.89,229.96,221.26,227.93,597915.5224,134510531.2
1.5933E+12,220.94,227.96,218.32,224.93,444766.5688,99423540.14
1.59322E+12,229.66,231.42,216,220.94,645950.6144,145264632.3
1.59313E+12,232.49,233.61,227.75,229.64,628340.0701,144805505.2
1.59304E+12,234.57,235.39,227.56,232.5,613748.5935,142697463.4
1.59296E+12,243.15,249.24,231.07,234.58,921634.0534,220763040.4
1.59287E+12,243.11,244.87,240.75,243.14,442296.3148,107457002.5
1.59278E+12,228.03,246.89,227.51,243.13,749030.1111,178707156.2
1.5927E+12,228.88,231.49,227.11,228.04,256305.2373,58868166.51
1.59261E+12,229,230.85,225.62,228.89,303704.9883,69343699.91
1.59252E+12,231.26,231.95,226.74,229,397284.5981,91117706.16
1.59244E+12,233.82,234.65,227.93,231.27,334347.7992,77542070.33
1.59235E+12,235.31,237.3,227.65,233.82,478187.2917,111415059.1
1.59227E+12,230.86,236,228.7,235.3,499194.6676,116456364.2
1.59218E+12,231.74,233.55,218.27,230.86,875026.9206,197907504.8
1.59209E+12,238.13,238.59,229.83,231.77,304943.2119,71575514.08
1.59201E+12,237.55,238.73,234.66,238.11,253797.7809,60087772.65
1.59192E+12,230.46,239.38,228.19,237.55,446515.3412,105069425.1
1.59183E+12,247.78,250.09,226.2,230.51,816456.8916,195063781.3
1.59175E+12,243.79,250.28,242,247.78,431285.6172,105797248.2
1.59166E+12,246.37,249.82,238,243.8,420327.1713,102374504.6
1.59157E+12,244.57,247.7,240.59,246.4,383116.5472,93355224.97
1.59149E+12,241.94,245.37,234.6,244.56,571102.5552,137165732.6
1.5914E+12,240.04,244.7,237.83,241.94,389423.078,93979350.81
1.59132E+12,243.22,247.87,239.14,240.03,502547.411,122084004.5
1.59123E+12,244.54,246.6,236,243.21,669369.3392,162460397.6
1.59114E+12,237.71,245,232.71,244.52,502928.1337,120179301.2
1.59106E+12,248.23,253.8,225,237.71,955520.9186,230680327.3
1.59097E+12,231.56,250.68,230.66,248.23,823816.6994,198791911.8
1.59088E+12,243.71,245.39,229.58,231.57,821608.6888,194867426.3
1.5908E+12,220.63,247,218.8,243.66,1019550.751,238678839.8
1.59071E+12,220.24,224.79,217.57,220.67,603058.0759,133220045.5
1.59062E+12,208.29,220.5,204.67,220.21,643945.9777,136361627.3
1.59054E+12,200.92,208.44,200.76,208.29,494816.7273,101445351
1.59045E+12,204.22,205,196.9,200.89,477176.7353,96116808.86
1.59036E+12,199.9,205.67,198.01,204.15,469931.6249,95411610.8
1.59028E+12,206.6,210.55,199.5,199.9,673535.0578,138917619.2
1.59019E+12,207.36,211.2,204.55,206.6,478559.9201,99461068.1
1.59011E+12,198.72,209.19,196.24,207.36,787672.3608,159972608.5
1.59002E+12,209.99,211.64,191.71,198.74,1003923.434,203445711
1.58993E+12,214.6,215.75,204.27,209.98,679532.6104,143704806.2
1.58985E+12,214.92,215.95,209.45,214.58,643702.9885,136846948.6
1.58976E+12,207.02,217.07,207,214.91,1064139.249,226789027.2
1.58967E+12,200.44,209.85,199.68,207,708711.8932,145341278.7
1.58959E+12,194.87,203.5,193.21,200.45,669900.0375,134060788.5
1.5895E+12,203.29,204.08,191.66,194.86,904749.6357,179634085.6
1.58941E+12,199.61,206.02,195.67,203.29,1114700.249,224233786.1
1.58933E+12,189.77,201,188.35,199.58,806143.007,156637596.4
1.58924E+12,185.8,192.24,185.48,189.76,669755.7957,126810812.2
1.58916E+12,187.62,193.5,176,185.73,1093299.819,203391530.2
1.58907E+12,210.09,210.18,179.59,187.54,1473226.055,278394290.8
1.58898E+12,211.32,214.6,208.4,210.07,587871.9807,124626471.4
1.5889E+12,212.01,216.61,206.9,211.31,917908.1944,194579529.4
1.58881E+12,198.92,215.1,196.43,212,1305778.738,271197927.7
1.58872E+12,205.3,210.77,197.71,198.97,862700.6785,178157452.6
1.58864E+12,206.47,211.68,201,205.29,640644.6627,131906204.9
1.58855E+12,209.86,210.65,194.88,206.48,1114249.327,225451167.7
1.58846E+12,213.89,219.3,203.92,209.86,748383.9131,158874887.1
1.58838E+12,212.01,215.37,210.36,213.9,443494.6725,94389501.52
1.58829E+12,206.07,217.14,205.91,212.02,794913.9583,168339123.4
1.5882E+12,215.4,227.3,202,206.08,1749691.002,374893029.8
1.58812E+12,196.24,218.77,196.22,215.36,1620422.724,338324593.6
1.58803E+12,196.33,198.5,192.36,196.24,636829.894,124476041.9
1.58795E+12,197.39,199.05,189.29,196.34,896627.3727,174775637.9
1.58786E+12,194.21,200,192.3,197.38,758525.8153,148433709.8
1.58777E+12,187.6,198.36,185.76,194.21,866478.0493,167703202.4
1.58769E+12,185.57,189.8,184.72,187.59,780904.2126,146419748.1
1.5876E+12,182.7,193.63,178.16,185.51,1457867.087,270862911.4
1.58751E+12,170.73,184,169.78,182.7,988698.3908,176079076.9
1.58743E+12,170.21,174.7,168,170.74,906381.654,155292048.4
1.58734E+12,180.02,186.46,166.7,170.2,1547821.527,273854539.8
1.58725E+12,187.4,188.35,175.75,180.03,995759.5775,181415813.5
1.58717E+12,170.61,189.54,170.48,187.4,1127296.37,203132212
1.58708E+12,172.31,174.96,168.31,170.69,723537.7559,123553456.3
1.587E+12,152.74,174.79,148.33,172.29,1647207.6,273639160.1
1.58691E+12,158.46,161.29,152,152.73,729119.6651,114640840.1
1.58682E+12,156.28,161.85,155.23,158.45,698030.6509,110710086.1
1.58674E+12,158.56,158.97,150,156.29,1042091.036,160423270.3
1.58665E+12,158.33,164.78,155,158.59,809100.2459,129919934.4
1.58656E+12,157.81,161.37,153.91,158.33,621599.6129,98275533.06
1.58648E+12,169.56,170.1,152.11,157.81,1314841.362,209535613.3
1.58639E+12,173.15,173.38,165.19,169.52,719837.2442,122531132
1.5863E+12,164.62,174.48,163.59,173.11,1023575.921,173916484.8
1.58622E+12,171.32,176.22,162.22,164.63,1717962.825,292710722.6
1.58613E+12,142.69,172,142.6,171.32,1636338.731,257097597.8
1.58604E+12,144.1,145.58,140.68,142.68,414987.4525,59383946.13
1.58596E+12,141.3,146.28,138.88,144.1,573508.1409,81640622.83
1.58587E+12,141.27,146.72,137.26,141.31,797546.1145,113731706.7
1.58579E+12,135.65,149.76,135.01,141.28,1138977.661,159989506.6
1.5857E+12,132.72,136.99,128.62,135.69,680922.2475,90063924.23
1.58561E+12,132.09,135,130.38,132.72,547669.2779,72618183.48
1.58553E+12,124.47,135.42,124.06,132.06,764831.9275,100271145.9
1.58544E+12,130.94,131.84,123.81,124.5,543997,69434202.21
1.58535E+12,131.33,132.97,124.88,130.98,896032.1059,115166652
1.58527E+12,138.4,141.27,129.68,131.33,706948.5456,96581886.88
1.58518E+12,136.11,139.74,133.26,138.4,751060.631,101918769.7
1.58509E+12,138.42,142.33,132.54,136.1,1034248.744,141795323
1.58501E+12,135.89,143.36,132.2,138.42,1244377.163,171156363.7
1.58492E+12,122.31,137.5,119.5,135.92,1436796.124,184851609.1
1.58484E+12,132.63,137.13,121.1,122.32,1055699.865,135927941.1
1.58475E+12,133.49,137.49,125.69,132.66,1231842.111,162468451.8
1.58466E+12,136.3,152.55,116.74,133.48,2504057.638,345856006.7
1.58458E+12,118.11,143.13,115.46,136.3,1801071.188,231626928.2
1.58449E+12,115.67,118.5,109.86,118.11,1201850.313,137550912.1
1.5844E+12,111.02,120.8,109.38,115.67,1295108.485,150800664.1
1.58432E+12,123.82,124.33,101.1,111.02,2442064.144,270353891.8
1.58423E+12,122.54,133.5,120.16,123.78,1312950.901,163436235.3
1.58414E+12,134.06,134.68,120,122.54,1237674.886,159192895.6
1.58406E+12,107.67,139.68,86,134.06,4663239.929,560710331.8
1.58397E+12,194.61,195.55,101.2,107.82,3814533.14,548668262.2
1.58388E+12,200.74,203.18,181.73,194.61,1079824.902,208232375.2
1.5838E+12,202.79,206.2,195.54,200.7,1020260.107,205536190.2
1.58371E+12,199.43,208.62,190,202.81,1661331.836,332570408.5
1.58363E+12,237.23,237.23,195.5,199.43,1278973.537,277970187.9
1.58354E+12,244.93,251.93,236,237.23,633748.8966,154037325.6
1.58345E+12,228.38,245.16,227.33,244.88,628147.3257,148563741.8
1.58337E+12,224.26,234.09,224.23,228.38,601479.8759,138081898.3
1.58328E+12,223.84,228.85,220.23,224.26,443780.3377,99650220.54
1.58319E+12,232.1,232.46,219.57,223.91,741498.5483,168090325.5
1.58311E+12,217.81,234.4,216.07,231.97,810051.4833,182948651.7
1.58302E+12,217.29,227.89,212.36,217.81,715016.0194,157064953.8
1.58293E+12,226.76,233,217,217.21,546866.6851,123635801
1.58285E+12,227.73,234.67,214.01,226.76,1054994.924,236064804.3
1.58276E+12,223.98,238.3,210,227.79,1273793.117,287322727.3
1.58268E+12,246.67,250.32,215.66,223.93,1395879.415,324229460.6
1.58259E+12,265.47,266.22,244.44,246.67,774791.0103,197442911.5
1.5825E+12,274.5,277.2,257.09,265.52,696591.7298,185949182.7
1.58242E+12,261.55,275.68,261.02,274.48,444740.8288,120024059
1.58233E+12,265.32,266.81,256,261.57,313062.5213,81781388.32
1.58224E+12,256.97,268.24,253.61,265.27,525827.8734,137848242.4
1.58216E+12,258.44,264.33,245.34,256.96,972969.7169,249383114
1.58207E+12,282.64,285,251.56,258.45,705973.7299,191887955.8
1.58198E+12,267.9,285.88,258,282.61,1115523.44,304162263.3
1.5819E+12,258.89,268.77,242,267.85,1110371.391,280371301.8
1.58181E+12,264.91,274,237.41,258.85,1110118.464,286269166.3
1.58172E+12,285.11,288.41,261.86,264.88,860813.1427,236287101.1
1.58164E+12,268.34,287.15,260.28,285.15,734944.3227,201120424.6
1.58155E+12,265.74,277.69,256.08,268.32,1089679.154,291533156.1
1.58147E+12,236.69,275.34,236.69,265.74,1038073.748,266734296.6
1.58138E+12,222.89,239.15,218.17,236.69,595576.9028,135863928.6
1.58129E+12,228.53,229.4,216.37,222.89,510415.4995,113385289
1.58121E+12,223.01,230.65,222.86,228.49,350336.244,79674647
1.58112E+12,223.36,227.75,213.22,223.05,548551.8747,122069507.7
1.58103E+12,213.16,225,213.14,223.33,629361.1547,138524804.2
1.58095E+12,203.78,216.33,201.02,213.19,608240.2233,127874220.8
1.58086E+12,188.91,207.61,188.19,203.78,550942.1142,108659358.5
1.58077E+12,189.74,191.6,184.69,188.91,366389.6969,68720832.62
1.58069E+12,188.48,195.19,186.62,189.69,417175.9578,79336312.52
1.5806E+12,183.63,193.43,179.1,188.44,552621.1362,104105613.6
1.58052E+12,179.94,184.28,179.23,183.6,259370.129,47263178.07
1.58043E+12,184.71,185.82,175.22,179.99,385596.5337,69633052.28
1.58034E+12,173.68,187,170.93,184.69,477721.6609,85164074.08
1.58026E+12,175.58,178.45,173.33,173.72,317382.9016,55988230.27
1.58017E+12,170.04,176.2,170.03,175.64,473433.8961,81649497.49
1.58008E+12,167.91,172.56,165.22,170.08,365894.8192,61846624.61
1.58E+12,160.36,168.08,159.41,167.86,251582.5576,41239031.34
1.57991E+12,162.51,162.79,157.61,160.35,219921.652,35196608.31
1.57982E+12,162.85,164.45,155.55,162.54,430013.199,68980724.06
1.57974E+12,168.07,168.2,159.21,162.81,373414.3499,60971659.77
1.57965E+12,169.48,171.47,166.03,168.07,272240.9029,45903134.16
1.57956E+12,166.86,170.32,164.8,169.49,308007.6353,51615232.57
1.57948E+12,166.79,169.33,161.24,166.87,358092.8841,59292534.72
1.57939E+12,174.1,178.05,161.66,166.79,624681.286,105691368.8
1.57931E+12,169.92,179.5,164.92,174.14,688783.1798,119388338.8
1.57922E+12,164.24,174.81,162.14,169.85,767180.6785,129909265.3
1.57913E+12,166.4,167.4,157.8,164.21,456170.8672,74038650.83
1.57905E+12,165.6,171.98,159.2,166.4,721687.8038,119239937.9
1.57896E+12,143.58,171.7,143.51,165.64,1108476.312,173492006.2
1.57887E+12,146.56,147,142.27,143.58,207996.6187,29888095.37
1.57879E+12,142.4,146.6,141.76,146.54,229541.8614,33112850.82
1.5787E+12,144.83,148.05,142.09,142.38,368350.5794,53149360.56
1.57861E+12,137.73,145.17,135.32,144.84,409403.5951,57377525.56
1.57853E+12,140.76,141.5,135.3,137.74,366076.0657,50611452.58
1.57844E+12,142.8,147.77,137.03,140.72,570465.5776,81184999.73
1.57836E+12,144.14,145.31,138.76,142.8,447762.1728,63861666.4
1.57827E+12,135.37,144.41,134.86,144.15,408020.2738,57400544.49
1.57818E+12,134.2,138.19,134.19,135.37,254120.4534,34593687.6
1.5781E+12,134.37,135.85,132.5,134.2,184276.171,24641135.57
1.57801E+12,127.19,135.14,125.88,134.35,413055.189,54139288.22
1.57792E+12,130.72,130.78,126.38,127.19,213757.0581,27486853.39
1.57784E+12,129.16,133.05,128.68,130.77,144770.522,18952318.53
1.57775E+12,131.61,133.68,128.17,129.16,264933.9842,34678632.18
1.57766E+12,134.36,136.24,130.3,131.59,320347.2196,42636559.38
1.57758E+12,128.11,138.07,127.52,134.36,316347.2667,41893078.36
1.57749E+12,126.28,129.68,125.84,128.11,196893.5228,25177121.15
1.5774E+12,125.58,127.1,121.91,126.29,240012.3745,30020098.89
1.57732E+12,125.09,132.26,124.32,125.58,274986.521,34943780.91
1.57723E+12,127.7,127.84,123.07,125.09,225004.4909,28144469.16
1.57715E+12,127.8,129.69,126.61,127.75,200637.101,25667665.14
1.57706E+12,132.12,135.1,126,127.8,421600.7566,55501305.92
1.57697E+12,127,133.07,126.82,132.09,253140.7241,32938501.02
1.57689E+12,128.19,128.4,126.5,126.99,135196.1164,17199278.79
1.5768E+12,128.1,129.39,125.84,128.19,213897.4673,27266605.48
1.57671E+12,132.8,134,125.69,128.1,420674.8172,53766864.19
1.57663E+12,121.88,134.87,116.26,132.78,884960.9133,110566290.6
1.57654E+12,132.72,132.98,119.11,121.88,563257.36,71709329.27
1.57645E+12,142.46,142.72,127.93,132.73,471018.8594,63632055.58
1.57637E+12,141.79,144.12,139.92,142.46,151189.6588,21495196.82
1.57628E+12,144.8,145.07,141.18,141.79,126232.592,18027581.36
1.5762E+12,144.87,146,142.8,144.8,160695.1856,23203419.96
1.57611E+12,143.41,145.85,139.24,144.87,261615.3044,37425277.04
1.57602E+12,145.53,146.34,142.12,143.39,157843.1048,22772651.17
1.57594E+12,147.4,148.57,143.81,145.56,203215.8494,29746845.43
1.57585E+12,150.44,151.19,146.56,147.38,243775.9925,36345702.35
1.57576E+12,147.16,151.62,146.11,150.44,205301.6026,30606289.29
1.57568E+12,148.46,149.49,146.85,147.14,140471.6859,20799551.35
1.57559E+12,148.11,149.77,145.74,148.45,220674.6858,32549526.4
1.5755E+12,145.45,149.02,143.64,148.1,299073.5397,43777241.59
1.57542E+12,147.19,151.98,143.15,145.38,434430.6238,63840615.24
1.57533E+12,148.66,149.93,145.77,147.17,196329.225,29061161.1
1.57524E+12,150.72,151.42,146.71,148.65,233839.0973,34768563.47
1.57516E+12,151.43,152.49,145.79,150.73,344178.1409,51148792.08
1.57507E+12,154.54,155.25,149.7,151.37,226863.413,34617912.18
1.57499E+12,150.69,157.6,150.23,154.57,328712.2556,50649319.12
1.5749E+12,152.61,154.63,149.09,150.72,317714.5633,48324220.62
1.57481E+12,147.47,155.54,140.84,152.62,564796.4284,83505998.05
1.57473E+12,145.81,149.97,143.37,147.47,354023.043,51873405.04
1.57464E+12,139.99,151.5,131.45,145.69,749675.413,106186791.3
1.57455E+12,151.84,152.86,138.62,139.96,352319.2156,51503705.18
1.57447E+12,149.55,154.33,146.11,151.84,369721.0996,55595157.56
1.57438E+12,161.02,162.79,138,149.56,977977.2379,147595324.6
1.57429E+12,174.75,175.85,157.26,161.01,473895.9299,78641896.23
1.57421E+12,175.93,177.41,173.5,174.72,216315.9331,38001672.19
1.57412E+12,178.2,178.52,172.65,175.94,275886.6411,48414106.96
1.57404E+12,183.82,184.06,175.01,178.2,293551.2363,52985734.28
1.57395E+12,182.37,186.09,180,183.82,198892.4372,36509968.7
1.57386E+12,179.99,183.46,179.3,182.37,172801.5258,31378510.02
1.57378E+12,184.93,186.7,177.67,180,407466.7896,74217250.17
1.57369E+12,188.07,188.72,183.34,184.92,245505.2997,45523714.1
1.5736E+12,187.09,189.66,185.3,188.11,197273.84,36936429.94
1.57352E+12,184.98,187.65,182.41,187.09,256782.6312,47636043.35
1.57343E+12,188.96,190.19,184.06,184.98,255579.9343,47746876.46
1.57334E+12,184.86,191.58,183.3,188.96,274940.5345,51648623.29
1.57326E+12,183.71,185.79,182.63,184.89,192073.3804,35441967.77
1.57317E+12,186.67,188.26,181.41,183.74,365029.7503,67305417.41
1.57308E+12,191.16,192.27,184.59,186.68,309882.0821,58150631.28
1.573E+12,188.65,195.09,187.72,191.16,343219.9224,65471595.21
1.57291E+12,185.71,192.51,182.22,188.68,389668.6472,73036074.78
1.57283E+12,181.53,188.64,180.36,185.71,321175.2913,59357371.31
1.57274E+12,182.9,184.7,178.95,181.54,232621.5215,42260620.38
1.57265E+12,182.86,186,181.53,182.91,179864.3974,32936676.71
1.57257E+12,182.19,184.5,177.02,182.85,331519.7696,60092727.14
1.57248E+12,183.14,185.27,177.66,182.18,410969.861,74696032.73
1.57239E+12,190.45,191.71,179.28,183.13,537770.4306,99508269.89
1.57231E+12,181.67,192.74,181.26,190.46,529964.5054,99024969.84
1.57222E+12,183.84,189.48,180.35,181.72,582179.4455,106933716.7
1.57213E+12,179.42,188.7,176.22,183.75,724423.4053,132329593.4
1.57205E+12,181.53,197.74,173.8,179.49,1211737.437,222906937.8
1.57196E+12,160.39,187.78,160.25,181.5,904832.8606,157496890.7
1.57188E+12,162.35,163.72,158.72,160.38,387310.8377,62419095.11
1.57179E+12,171.19,171.49,153.45,162.35,746955.0981,121126428.2
1.5717E+12,174,175.04,170.3,171.2,255429.4162,44176123.21
1.57162E+12,175.18,177.9,171.59,173.98,270608.5139,47204344.24
1.57153E+12,171.84,176.88,169.21,175.22,299141.0715,51654250.07
1.57144E+12,172.78,174.98,169.44,171.79,296918.7303,51269466.04
1.57136E+12,177.17,177.44,168.66,172.74,319602.4851,55285684.61
1.57127E+12,174.52,178.96,172.61,177.16,298795.8198,52578052.94
1.57118E+12,180.52,181.44,171.81,174.47,347764.9346,61180262.78
1.5711E+12,186.7,188.37,175.96,180.49,405466.3811,73998014.45
1.57101E+12,180.98,187.54,180.43,186.72,279732.8461,51494870.28
1.57092E+12,179.65,184.95,178.52,180.99,247589.2323,45067340.42
1.57084E+12,180.65,184.64,177.59,179.68,290415.2204,52895345.38
1.57075E+12,191.18,196.65,179.41,180.72,621693.6313,115872479.8
1.57067E+12,192.61,194.2,186.88,191.14,436588.5845,83367952.39
1.57058E+12,180.61,195.53,178.96,192.62,562506.8219,105551736.5
1.57049E+12,179.88,184.87,177,180.6,400832.3783,72432729.98
1.57041E+12,170.08,182.32,168.68,179.85,496523.4804,87617964.57
1.57032E+12,176.23,177.04,167.68,170.1,314932.3963,54241930.13
1.57023E+12,175.55,176.71,172.02,176.25,278488.6177,48647162.44
1.57015E+12,174.71,178.98,170.74,175.55,333897.6388,58470302.14
1.57006E+12,180.24,180.72,169.55,174.69,354756.7848,62001237.48
1.56997E+12,175.65,181.29,173.65,180.24,348268.1162,61530973.8
1.56989E+12,180.89,185.53,173.19,175.66,609819.6083,109337395.1
1.5698E+12,169.26,181.24,165.01,180.85,580295.3997,100443187.8
1.56972E+12,173.5,174.5,164.12,169.24,410855.1218,69327213.65
1.56963E+12,173.83,175.49,168,173.49,521775.4659,90120971.17
1.56954E+12,165.92,176.72,161.03,173.79,634932.9671,106461443.9
1.56946E+12,169.96,171.01,152.11,165.92,779942.1715,127948136.3
1.56937E+12,165.72,174.85,161.88,169.96,879001.4621,147619414.1
1.56928E+12,201.25,202.98,150.03,165.81,1478218.827,263412071.5
1.5692E+12,211.2,211.68,198.65,201.29,392437.0708,80922890.46
1.56911E+12,215.04,215.61,206.1,211.2,445388.9479,93662351.5
1.56902E+12,218.01,221.5,213.2,215.05,417891.5242,90638548.24
1.56894E+12,220.26,221.54,212.05,218.03,437804.1267,95069640.62
1.56885E+12,210.27,223.94,202.3,220.24,844358.8216,179595728.8
1.56876E+12,207.85,217.27,207.66,210.21,539028.5101,114703107.3
1.56868E+12,197.23,215.13,195.74,207.84,715863.2262,145945114.9
1.56859E+12,189.05,199.44,188.3,197.22,551006.8169,106449156
1.56851E+12,188.14,190.45,185.76,189.03,288928.6083,54373471.39
1.56842E+12,180.96,188.79,179.75,188.13,279371.8342,51424561.39
1.56833E+12,180.71,181.38,177.54,180.95,264422.5406,47382425.19
1.56825E+12,178.3,182.38,176.62,180.72,203543.1366,36419973.23
1.56816E+12,179.87,182.8,173,178.28,278555.4671,49657474.98
1.56807E+12,180.52,184.36,177,179.81,238387.51,43067898.91
1.56799E+12,181.18,185.38,176.01,180.54,273729.9487,49340881.23
1.5679E+12,177.58,184.18,176.13,181.19,290083.475,52424648.72
1.56781E+12,169.11,180.8,168.3,177.62,253831.2317,44282963.31
1.56773E+12,173.74,177.87,165,169.08,315822.3798,54567316.61
1.56764E+12,174.7,176.19,168.1,173.75,232753.836,40247496.56
1.56756E+12,178.79,180.14,173,174.72,286226.2517,50629395.49
1.56747E+12,178,183,174.09,178.75,327857.8545,58621819.36
1.56738E+12,170.73,181,170.02,178.05,294627.3125,51446380.45
1.5673E+12,171.52,173.42,167.61,170.74,191140.5237,32627380.93
1.56721E+12,168.48,174.98,165.63,171.57,194999.1958,32983642.84
1.56712E+12,169.03,170.77,165.55,168.5,238616.6887,40216956.6
1.56704E+12,173.03,173.5,163.61,169.01,295241.216,49838097.17
1.56695E+12,187.3,188.25,166.48,173.03,334480.6176,59498959.97
1.56686E+12,188.61,189.49,184.75,187.24,157898.563,29513243.5
1.56678E+12,186.54,193.7,186,188.67,254397.7947,48298621.32
1.56669E+12,190.6,192.4,182.8,186.54,169862.9152,31935951.29
1.5666E+12,194.02,194.09,185.63,190.6,167806.3429,31786227.86
1.56652E+12,190.36,196.19,188.16,194.02,192548.5155,37022930.57
1.56643E+12,187.45,195.14,182.8,190.35,245575.9877,46426395.05
1.56635E+12,196.55,197.2,179.53,187.45,284973.6419,53434048.95
1.56626E+12,202.24,202.75,194.45,196.6,189297.7549,37412398.98
1.56617E+12,194.32,203.59,192.7,202.28,239541.5978,47675347.06
1.56609E+12,185.67,197.91,183.35,194.33,175363.5062,33655229.09
1.566E+12,184.83,187,181.83,185.59,138799.6151,25599796.9
1.56591E+12,187.98,188.39,178.04,184.88,282177.0158,51945182.47
1.56583E+12,187.08,189.95,181.23,188.03,237953.0943,44183760.71
1.56574E+12,209.31,209.9,183.49,187.1,325228.9893,63597043.19
1.56565E+12,211.58,214.3,204,209.3,166922.482,34861802.4
1.56557E+12,216.41,216.81,209.75,211.41,122760.9462,26091487.96
1.56548E+12,206.48,216.94,206.14,216.42,188474.0905,39875149.55
1.5654E+12,210.52,215,202.6,206.48,252614.0239,52534644.57
1.56531E+12,221.38,221.79,207.3,210.53,232062.1276,49415315.75
1.56522E+12,226.11,228.5,215.51,221.39,236886.3542,52730777.07
1.56514E+12,226.31,231.25,220.95,226.1,279104.7037,63135096.49
1.56505E+12,233.53,239.15,223.03,226.28,341279.0816,78590684.02
1.56496E+12,221.79,236.25,221.79,233.54,307956.2721,70962003.84
1.56488E+12,222.14,223.34,216.9,221.79,135622.0258,29836777.69
1.56479E+12,217.69,224.51,216.62,222.14,181591.953,40285734.53
1.5647E+12,216.8,222.18,214.31,217.61,206867.0304,45116694.86
1.56462E+12,218.42,219.39,210.54,216.84,186806.1884,40054998.68
1.56453E+12,209.57,218.79,209.2,218.42,207213.5566,44416634.9
1.56444E+12,210.84,214.36,204.4,209.58,222683.7939,46627086.48
1.56436E+12,211.58,215.83,206.59,210.89,226941.28,47853275.13
1.56427E+12,207.3,213.52,198.24,211.62,218801.1669,45414505.79
1.56419E+12,218.81,223.3,203,207.3,301209.4111,63931823.16
1.5641E+12,219.14,220,212.71,218.81,197781.9865,42839496.54
1.56401E+12,216.31,225.12,215.23,219.14,280370.2963,62017449.36
1.56393E+12,212.55,218.28,202,216.31,331162.6484,69281797.02
1.56384E+12,217.59,219.55,208.36,212.48,317876.4824,67930201.67
1.56375E+12,225.49,228.34,212.25,217.51,271310.4045,59602149.04
1.56367E+12,228.25,229.66,216.99,225.38,270046.1519,60421739.05
1.56358E+12,220.84,235.09,219.78,228.2,325393.9723,74182517.24
1.56349E+12,225.75,226.23,212.52,220.73,371622.2187,81600507.57
1.56341E+12,210.8,229.65,205.71,225.73,609081.4909,132637638.8
1.56332E+12,198.94,219.86,191.84,210.81,694854.1013,143020072
1.56324E+12,228.2,234.5,192.25,198.88,715604.832,151473621.6
1.56315E+12,225.83,235.58,203.08,228.2,715991.2069,159784811.6
1.56306E+12,268.8,269.74,222.81,225.85,540052.5842,130785859
1.56298E+12,274.53,275.04,262.2,268.79,205959.2685,55323572.09
1.56289E+12,268.67,278.99,266.21,274.62,266734.5421,72743548.04
1.5628E+12,289.23,289.23,262.12,268.63,501592.7521,136450969.6
1.56272E+12,307.46,314.18,281.04,289.23,457080.9406,135779813.6
1.56263E+12,311.96,318.19,302.69,307.46,309447.3493,96199378.54
1.56254E+12,304.72,313.74,300.78,311.97,289607.3418,88890021.75
1.56246E+12,288.29,309.69,284.25,304.72,246111.366,73170809.76
1.56237E+12,287.32,296.71,285.28,288.29,196064.6471,57137782.6
1.56228E+12,282.86,294.89,280.78,287.47,261139.2834,75165110.7
1.5622E+12,301.11,302.74,280.53,282.73,270791.3688,79507234.74
1.56211E+12,291.47,302.89,285,301.14,370521.9664,109262202.2
1.56203E+12,295.03,297.57,272.65,291.48,493772.9658,140020251.9
1.56194E+12,292.89,303.49,280.13,295.07,489769.2742,142871936.8
1.56185E+12,317.64,323.5,290.12,292.7,489028.5684,149527443.6
1.56177E+12,310.95,324.74,295.18,317.62,425555.1626,130425514
1.56168E+12,298.35,313.58,295.22,311.05,529174.4772,161838706.8
1.56159E+12,339.53,347,280.01,298.35,1016826.449,315174509.7
1.56151E+12,318.29,366.8,315.57,339.39,1008551.287,341534154.5
1.56142E+12,311.65,318.99,307,318.26,345559.6505,108143161.2
1.56133E+12,308.42,314.41,298,311.64,352791.2696,108439071.6
1.56125E+12,310.7,321.7,305.58,308.52,418812.0275,131252843.5
1.56116E+12,294.25,314.39,289.69,310.79,726254.6706,222036096.3
1.56108E+12,271.27,295.94,271.22,294.35,519818.0691,148641528.5
1.56099E+12,268.16,273.63,265.71,271.22,200717.7737,53998507.96
1.5609E+12,264.68,270,263.59,268.14,208375.6838,55665919.15
1.56082E+12,273.14,273.58,261.45,264.66,319941.5516,85335852.93
1.56073E+12,267.73,276,266.81,273.16,339277.6671,91807270.71
1.56064E+12,267.78,277.06,263.31,267.73,458176.5424,123848161.5
1.56056E+12,262.48,272.27,260.61,267.82,286594.9803,76053046.55
1.56047E+12,254.67,264.26,251.75,262.47,327383.2824,84045849.54
1.56038E+12,261.13,262.98,253.69,254.67,291757.2164,75447391.04
1.5603E+12,244.36,261.87,242.2,261.15,336499.3016,84660448.57
1.56021E+12,246.61,247.8,236.49,244.29,237508.428,57549753.74
1.56012E+12,231.02,247.45,227.03,246.51,314662.5264,75090336.66
1.56004E+12,243.33,244.53,226.56,230.98,316931.8564,74594101.42
1.55995E+12,248.78,250.53,240.37,243.25,188448.2775,46293916.79
1.55987E+12,248.77,253.28,243.46,248.77,353378.6568,87644279.25
1.55978E+12,245.62,250.66,235.01,248.76,297579.1473,72417630
1.55969E+12,241.46,250.41,237.37,245.63,335953.3793,81839286.62
1.55961E+12,250.02,251.67,234.39,241.39,633822.7125,154709331.3
1.55952E+12,268.87,270,248,249.91,397360.6528,103602836.7
1.55943E+12,264.33,273.2,263.2,268.88,301536.1506,80960737.41
1.55935E+12,267.9,275.5,260.68,264.33,455676.9861,121851235.8
1.55926E+12,254.59,268.72,245.21,267.9,602153.8724,154783065.8
1.55917E+12,268.92,288.62,240.14,254.56,1066279.494,289930479.4
1.55909E+12,271.08,274.04,260.05,268.83,383412.4577,102868997.4
1.559E+12,270.7,275.95,264.45,271.03,409443.6936,110617403.7
1.55892E+12,264.35,279.59,260,270.53,635463.502,170250734.9
1.55883E+12,250.17,269.4,245.11,264.45,450090.2232,115089467.8
1.55874E+12,248.84,257.33,247.22,250.22,332544.3873,83665127.84
1.55866E+12,244.63,254.35,241.54,248.87,447066.926,111294049.4
1.55857E+12,243.68,247.34,231.1,244.56,600193.8937,144051488.9
1.55848E+12,253.35,260.18,239.63,243.64,592848.9561,149006735.6
1.5584E+12,250.48,262,246.06,253.43,580249.6975,146749988.3
1.55831E+12,259.37,259.49,238,250.37,666889.8224,165783106.1
1.55822E+12,233.57,264,231.77,259.51,823859.0634,207383027.8
1.55814E+12,244.31,248,230.62,233.6,673218.0998,160450040.8
1.55805E+12,264.35,268.74,223.43,244.3,1529892.569,366429299.2
1.55796E+12,248.06,279.76,241.76,264.25,1733360.894,452410350.1
1.55788E+12,216.4,250.27,216.21,248.1,574697.2993,135054369.6
1.55779E+12,195.83,219.81,194.19,216.4,864211.006,179717430.3
1.55771E+12,188.07,206.87,185.32,195.84,669265.4652,131102303.1
1.55762E+12,190.2,204.32,181,188.11,823372.2815,157611011.7
1.55753E+12,172.92,205.23,172.92,190.2,885292.3839,167180496.8
1.55745E+12,170.96,176.7,168.46,172.91,425543.7402,73717438.65
1.55736E+12,170.88,173.88,166.57,170.9,284663.9946,48482365.54
1.55727E+12,169.07,173.17,164.8,170.85,296410.761,50307994.58
1.55719E+12,172.98,182.76,167.89,169.18,732496.8786,129206700.1
1.5571E+12,163.05,178.05,157.55,173,506528.1428,86112232.48
1.55701E+12,163.71,165.36,159.18,163.05,176029.1045,28659516.79
1.55693E+12,168.1,171.3,159.76,163.7,312928.5835,51596174.4
1.55684E+12,161.82,170.86,160.99,168.06,416357.5212,69185162.6
1.55676E+12,160.2,163.48,158.5,161.81,289519.0203,46716417.01
1.55667E+12,161.85,163.88,158.36,160.19,192517.6276,30965351.7
1.55658E+12,155.14,162.89,155.11,161.83,305056.2465,48352308.35
1.5565E+12,157.86,159.05,152,155.11,243591.949,37892463.29
1.55641E+12,159.32,160.24,156.92,157.85,152976.3018,24304182.14
1.55632E+12,157.93,166.24,156.35,159.31,215918.6384,34294278
1.55624E+12,154.7,162.56,151.4,157.95,500355.8628,78334214.87
1.55615E+12,164.78,165.49,150.35,154.72,422657.0324,67326464.65
1.55606E+12,169.15,169.87,159.26,164.78,426497.0415,70076178.28
1.55598E+12,170.52,175.83,167.78,169.16,363523.3453,62784241.17
1.55589E+12,168.59,172.3,167,170.52,269868.3988,45832751.06
1.5558E+12,172.89,173.48,164.82,168.59,283450.4394,47781349.4
1.55572E+12,172.66,176.97,169.87,172.88,253596.4841,43939979.02
1.55563E+12,173.34,173.55,168.59,172.64,320541.7217,54991300.11
1.55555E+12,165.75,175.2,165.04,173.33,396118.9441,68031293.23
1.55546E+12,165.41,167.28,163.78,165.75,227841.5498,37678036.6
1.55537E+12,159.91,166.73,159.41,165.37,240370.5044,39245823.49
1.55529E+12,167.21,168.81,155.7,159.95,351548.9079,57215098.11
1.5552E+12,162.99,168.11,161.2,167.23,186977.6621,30640985.06
1.55511E+12,163.2,165.37,160.74,162.99,179237.7457,29247030.15
1.55503E+12,164.06,166.5,158.11,163.19,316337.8782,51556919.15
1.55494E+12,177.12,177.48,158.27,164.07,661305.3032,110201659.9
1.55485E+12,174.58,183.77,168,177.12,523943.205,93283836.59
1.55477E+12,178.71,179.17,171.05,174.6,431986.3611,75745619.57
1.55468E+12,174.29,185.87,170.9,178.72,873410.0729,156417981.3
1.5546E+12,165.56,175.43,164.06,174.21,465507.525,78876773.3
1.55451E+12,164.84,172.77,159.2,165.5,528168.333,87657058.11
1.55442E+12,157.33,167.83,155.94,164.77,516070.3455,84123101.33
1.55434E+12,159.96,164,152.8,157.36,686080.9525,109082183.6
1.55425E+12,163.26,177.81,149.23,159.96,1345344.538,225523896.2
1.55416E+12,141.24,165.6,141,163.31,906868.8586,138094679.3
1.55408E+12,141.41,143.08,139.57,141.24,234310.1916,33234998.64
1.55399E+12,142.44,142.5,140.42,141.38,142469.2117,20131931.7
1.5539E+12,143.25,145.89,140.06,142.46,254798.7007,36382647.23
1.55382E+12,137.85,143.6,137.62,143.25,235853.0454,33098245.96
1.55373E+12,139.46,139.57,137.3,137.86,163185.6991,22543474.61
1.55364E+12,134.14,140.14,133.84,139.45,317167.4533,43635238.43
1.55356E+12,133.97,134.74,132.27,134.18,183139.1143,24490323.06
1.55347E+12,136.12,136.83,131.6,133.98,230880.285,31082445.59
1.55339E+12,137.28,137.37,134.75,136.09,198490.4512,27042322.7
1.5533E+12,135.92,138.21,135.6,137.28,174710.4306,23922572.36
1.55321E+12,134.85,137.2,134.29,135.98,186119.7475,25309122.73
1.55313E+12,139.04,139.55,131.21,134.85,312531.3937,42635937.49
1.55304E+12,138.56,139.66,136.01,139.01,222883.5175,30757997.81
1.55295E+12,137.62,139.38,136.97,138.55,218577.4521,30175322.08
1.55287E+12,138.67,142.01,136.1,137.59,281718.962,39017864.92
1.55278E+12,140.94,141.07,137.2,138.67,252697.0815,35051209.93
1.55269E+12,136.6,144.47,136.51,140.92,474664.102,66878173.45
1.55261E+12,132.24,137.62,132.18,136.56,295832.2656,39928522.34
1.55252E+12,131.69,135.11,128.52,132.2,258413.8187,34099414.81
1.55244E+12,133.62,133.65,130.58,131.65,209456.0985,27670734.43
1.55235E+12,132.67,135.3,130.77,133.57,194905.9684,25981446.1
1.55226E+12,135.37,136.15,131,132.67,264587.0068,35285847.75
1.55218E+12,137.27,137.5,134,135.37,203965.1682,27650702.38
1.55209E+12,133.51,138.65,132.93,137.27,279861.1205,38220614.01
1.552E+12,136.82,139.34,130.62,133.52,330283.5823,44879637.39
1.55192E+12,137.37,140.2,135.2,136.81,307336.4931,42271691.24
1.55183E+12,136.71,140.29,133.33,137.4,428826.8742,58701328.65
1.55174E+12,125.68,137.84,125.19,136.72,512631.2318,67740644.33
1.55166E+12,130.6,131.11,122.6,125.65,403947.7945,51060349.77
1.55157E+12,132.54,134.6,128.01,130.6,222453.2859,29447917.24
1.55148E+12,135.32,136.12,130.03,132.56,297005.2809,39467507.69
1.5514E+12,135.32,137.95,134.9,135.32,302632.0283,41198722.58
1.55131E+12,135.03,139,132.1,135.34,579327.3175,78861797.56
1.55123E+12,136.22,140.29,126.84,135.02,567202.6104,76519497.91
1.55114E+12,137.88,138.41,133.72,136.22,432944.1703,58979934.72
1.55105E+12,132.1,141.55,131.89,137.87,801147.0954,110348893
1.55097E+12,157.75,166,131.7,132.1,1260506.807,186688063.4
1.55088E+12,147.4,159.6,145.78,157.79,588183.729,89997516.92
1.55079E+12,145.68,148.85,143.85,147.36,366251.1854,53771600.8
1.55071E+12,148.42,149.61,142.7,145.69,447364.4087,65199779.51
1.55062E+12,143.45,149.52,139.6,148.44,614303.6101,89136482.37
1.55053E+12,145.69,150,142.36,143.44,747968.9045,109645050.5
1.55045E+12,133.77,148.3,132.42,145.69,1079830.15,152756654.6
1.55036E+12,122.67,135.61,122.43,133.75,614788.6008,78958054.96
1.55028E+12,121.66,124.99,121.54,122.67,215320.7013,26462034.61
1.55019E+12,120.47,124.25,120.19,121.67,255296.0814,31111280.21
1.5501E+12,121.86,124.5,120.1,120.42,297205.7874,36278326.08
1.55002E+12,122.4,126.47,120.7,121.86,317827.3196,39073077.84
1.54993E+12,120.88,123.89,118.18,122.41,343765.6699,41603632.81
1.54984E+12,125.12,125.28,119.24,120.89,389405.304,47197595.85
1.54976E+12,119.19,126.49,115.81,125.12,385819.0962,45929459.13
1.54967E+12,119.32,121.99,117.64,119.19,328067.9574,39061582.39
1.54958E+12,104.48,123,103.41,119.25,589950.6493,67027886.94
1.5495E+12,104.49,106.18,103.82,104.48,147942.0768,15530160.65
1.54941E+12,107.28,107.83,101.21,104.5,337204.3025,34984364.3
1.54932E+12,107.65,108.18,106.47,107.27,159730.1886,17137008.25
1.54924E+12,107.33,109.3,106.57,107.68,160850.1029,17312736.6
1.54915E+12,110.41,111.11,105.82,107.36,227211.5406,24605892.29
1.54907E+12,106.71,111.15,106.07,110.42,186908.7573,20153872.3
1.54898E+12,106.47,108.35,103.77,106.73,243149.8844,25791535.15
1.54889E+12,108.29,110.61,105.46,106.44,290679.6194,31234353.52
1.54881E+12,104.41,109.8,103.45,108.29,330968.1927,35368520.14
1.54872E+12,105.49,106.61,102.22,104.45,319768.9135,33427469.35
1.54863E+12,112.04,112.87,100.91,105.5,566205.7829,60050129.39
1.54855E+12,115.32,116.15,111.04,112.05,247369.6056,28158012.73
1.54846E+12,115.13,118,115,115.34,146216.8282,16978386.2
1.54837E+12,116.4,117.5,114.3,115.11,198617.0811,22977175.95
1.54829E+12,116.4,117.15,113.61,116.39,216242.2983,25044265.75
1.5482E+12,117.8,118.95,114.8,116.44,230247.6158,26975386.39
1.54812E+12,115.62,119.49,111.39,117.81,359542.6387,41777737.47
1.54803E+12,117.56,118.5,113.61,115.63,303632.9346,35258073.43
1.54794E+12,122.61,123.32,115.68,117.47,451792.8535,53833668.91
1.54786E+12,119.16,125.29,119.14,122.6,323303.793,39715159.16
1.54777E+12,121.56,121.98,117.66,119.17,235646.684,28305971.67
1.54768E+12,121.49,122.99,116.8,121.54,447535.2272,53854069.21
1.5476E+12,118.93,126.88,118.52,121.48,513486.6547,62314226
1.54751E+12,126.95,129.4,116,118.95,649020.5297,79985529.56
1.54742E+12,114.17,130.05,113.94,126.95,546420.4085,66801543.31
1.54734E+12,123.35,124.25,111.87,114.16,422561.9678,49521201.28
1.54725E+12,124.67,126.19,122,123.35,300262.134,37295866.35
1.54716E+12,124.96,127.36,120.08,124.65,545293.9837,67782816.34
1.54708E+12,148.11,149.45,121,124.95,871751.7504,114437025.3
1.54699E+12,147.62,151.5,146.77,148.1,299443.563,44673066.39
1.54691E+12,149.29,151.65,145.2,147.6,441661.0678,65535529.76
1.54682E+12,153.89,155.48,147.86,149.34,424765.3026,64310962.92
1.54673E+12,152.83,157.4,147.51,153.86,627908.4737,95681339.46
1.54665E+12,152.08,159.26,151.2,152.83,773169.1374,120238339.8
1.54656E+12,146.3,154.8,143.54,151.97,805248.9382,120827141.5
1.54647E+12,152.01,153.64,143.11,146.3,708091.3171,104953535.1
1.54639E+12,139.1,155.37,137.76,152.01,941486.3152,138801471.1
1.5463E+12,131.45,140.67,130,139.1,401776.888,54280385.6
1.54621E+12,137.81,138.66,128.7,131.45,484604.8396,64763118.12
1.54613E+12,133,139,127.03,137.77,704259.4161,94804050.49
1.54604E+12,135.3,145.42,128.5,132.89,1006654.498,136479145.9
1.54596E+12,113.75,136.66,111.87,135.3,894454.1905,111865576.5
1.54587E+12,129.35,131.09,111.22,113.8,752177.9011,90456912.89
1.54578E+12,127.61,135.32,122.51,129.35,794834.056,102196717.4
1.5457E+12,138.01,139.26,119.68,127.6,1076164.128,136600862
1.54561E+12,129.03,157.67,128.8,138.03,1319609.817,190137361.1
1.54552E+12,115.18,131.94,114.91,129.03,936094.1049,118250392.6
1.54544E+12,107.67,115.5,105.38,115.2,405672.8312,44814571.61
1.54535E+12,113.71,118,104.76,107.69,666048.7179,74510414.59
1.54526E+12,98.73,116,97.88,114.05,859612.5721,93128082.55
1.54518E+12,100.39,107.55,97.75,98.74,827748.591,84862730.23
1.54509E+12,94.03,101.3,91.34,100.39,529946.7918,50202945.79
1.545E+12,84.68,97,84.4,94.02,472252.2339,42965553.42
1.54492E+12,83.75,87.64,83.73,84.67,241366.7631,20783723.69
1.54483E+12,83.82,85,81.79,83.76,217360.6578,18169124
1.54475E+12,86.35,87.25,82.2,83.82,318003.7343,27041687.8
1.54466E+12,89.39,90.71,84.71,86.34,331218.3008,29089359.83
1.54457E+12,87.77,91.31,86.63,89.41,285436.0403,25500398.93
1.54449E+12,89.88,91.65,85.83,87.76,339991.8425,30055007.22
1.5444E+12,93.26,95.21,88.11,89.91,408573.0293,37180525.46
1.54431E+12,90.39,98.7,88.63,93.26,520519.3602,48533111.85
1.54423E+12,93.06,98,84.55,90.38,698217.1253,63224518.55
1.54414E+12,91.18,96.9,82.07,93.05,1030073.585,90499447.34
1.54405E+12,102.73,104.68,90.2,91,586138.5904,58114721.75
1.54397E+12,109.92,110.58,102.38,102.71,354071.5324,37519336.07
1.54388E+12,108.76,113.2,106,109.94,275321.0063,30365546.75
1.5438E+12,116.63,116.96,106.7,108.76,324446.0332,36185196.19
1.54371E+12,118.09,120.73,116,116.57,273657.6215,32184013.76
1.54362E+12,113.71,120.8,111.35,118.1,330159.0674,38614493.63
1.54354E+12,117.99,120.26,111.09,113.73,418593.6353,48362085.78
1.54345E+12,122.88,124,114.78,117.98,478777.3961,57140533.57
1.54336E+12,111.38,126.8,111.37,122.9,578552.7412,68485222.44
1.54328E+12,110.66,114.31,102.36,111.43,524024.4062,56638056.01
1.54319E+12,118.65,121.5,106.41,110.68,679477.3623,77209761.83
1.5431E+12,114.83,122.35,102.95,118.67,836233.3125,93723314.12
1.54302E+12,125,130.81,112.32,114.89,471321.5676,57264800.07
1.54293E+12,126.58,128.9,118.56,125.02,504352.2439,62657024.05
1.54284E+12,138.36,140.4,125.64,126.63,334674.0719,44837388.45
1.54276E+12,133.68,142.01,127.15,138.23,718957.7855,97819681.49
1.54267E+12,150.76,154.7,126.95,133.82,996552.2872,139191208.5
1.54259E+12,179.04,179.33,146.47,150.81,596789.8392,94639227.03
1.5425E+12,176.2,182.94,176.1,178.97,141736.3226,25261184.09
1.54241E+12,176.93,177.91,173.94,176.2,144804.7099,25452515.64
1.54233E+12,184.35,185,173,176.89,241710.3476,43450649.95
1.54224E+12,187.43,190,170.99,184.35,452416.1078,81674273.89
1.54215E+12,209.84,210.3,176.16,187.43,434676.1683,82531353.98
1.54207E+12,212.91,213.8,209.2,209.84,114466.3671,24176049.61
1.54198E+12,212.6,214.22,210.9,212.89,99963.97203,21271725.18
1.54189E+12,213.27,213.99,209,212.54,136268.8116,28875079.88
1.54181E+12,210.78,215.55,209.02,213.25,131384.4789,28019225.01
1.54172E+12,212.79,215.51,209.1,210.77,152215.9469,32309082.2
1.54164E+12,219.06,220.78,212.49,212.79,189828.4945,40931506.15
1.54155E+12,220.77,224.8,217.01,219.07,204931.0342,45252424.09
1.54146E+12,210.64,221.25,209.11,220.74,197797.4953,42534535.86
1.54138E+12,212.13,213.39,207.62,210.66,141432.1406,29714567.41
1.54129E+12,200.27,218.76,199,212.11,182534.6216,37959621.57
1.5412E+12,202.31,202.69,198.59,200.31,72084.92932,14456528.38
1.54112E+12,199.93,203.74,199.34,202.35,97123.22813,19559214.42
1.54103E+12,198.7,200.95,197.88,199.96,86097.98629,17116621.54
1.54094E+12,197.24,201.45,193.01,198.73,114739.7042,22632315.26
1.54086E+12,196.95,198.6,195.91,197.27,83633.81463,16501372.86
1.54077E+12,204.99,205.49,195.28,196.96,118281.8227,23671711.39
1.54068E+12,204.45,205.94,203.62,204.99,44394.83357,9084565.916
1.5406E+12,204.92,206.15,203.09,204.45,50235.68329,10280846.41
1.54051E+12,203.84,209,203,204.92,91143.83291,18707018.78
1.54043E+12,205.35,205.94,202.88,203.93,77411.57217,15820355.2
1.54034E+12,205.85,207.95,204.73,205.35,97128.82698,20049428.2
1.54025E+12,206.67,207.8,202.14,205.85,112753.0414,23146110
1.54017E+12,207.46,209.3,205,206.67,206046.8996,42711588.92
1.54008E+12,207.91,211.99,206.74,207.49,83277.36128,17462109.69
1.53999E+12,205.1,209.69,203.57,207.91,62376.6968,12936322.34
1.53991E+12,206.25,208,204.21,205,254660.4864,52458006.51
1.53982E+12,212.9,215.3,203.53,206.24,150229.601,31567845.72
1.53973E+12,215.2,216.99,210,212.85,153768.8502,32834161.52
1.53965E+12,214.39,219.95,211.55,215.09,145980.0984,31315676.32
1.53956E+12,196.84,239,194.6,214.39,973857.7477,212166629.6
1.53948E+12,201.39,203.56,194.33,197.01,110554.1936,22180535.07
1.53939E+12,196.96,202.78,196.27,201.3,107215.5262,21498264.31
1.5393E+12,191.55,201.87,190.04,196.96,216448.3922,42627353.08
1.53922E+12,226.7,226.91,189.01,191.58,497258.8287,101069066.8
1.53913E+12,228.4,228.78,224.05,226.74,122748.2141,27773272.16
1.53904E+12,230.01,231.02,226.56,228.4,100246.1843,22933859.79
1.53896E+12,226.26,232.7,224.21,230.01,210989.422,48017160.06
1.53887E+12,225.39,227.75,221.48,226.14,74733.67253,16774573.69
1.53878E+12,228.36,228.86,223.15,225.4,100257.5697,22656352.82
1.5387E+12,222.66,231.75,219.35,228.37,137730.3579,30900558.88
1.53861E+12,220.67,227.16,219.49,222.66,158137.4297,35468959.26
1.53852E+12,225.7,226.43,216.51,220.77,275609.2622,60784387.7
1.53844E+12,231.62,232.51,223.37,225.69,401305.3271,91706335.34
1.53835E+12,233.04,235.88,224.46,231.61,322900.4613,74363466.52
1.53827E+12,231.62,239,226.5,232.94,432195.4408,100778882
1.53818E+12,221.89,237.77,214.18,231.62,604000.9559,137238908.4
1.53809E+12,229.1,234.42,215.53,221.84,618434.6249,139637602.1
1.53801E+12,214.38,234,205.01,229.13,582274.4409,128104933.4
1.53792E+12,219.5,223.6,207.5,214.42,613754.2774,132187818.9
1.53783E+12,228.06,228.1,203.61,219.62,710650.7097,151991600.9
1.53775E+12,244.54,246.2,225.3,228.06,350139.1505,82504630.52
1.53766E+12,241.01,249.73,237,244.5,235214.1492,57084614.93
1.53757E+12,247.67,255.13,232.7,241.01,423740.7403,102510891.9
1.53749E+12,224,252.11,220.66,247.73,841029.1295,195225669.8
1.5374E+12,209.79,226.68,205.56,224,573632.2424,121706784.8
1.53732E+12,208.42,214.84,197.58,209.79,496100.4664,103133667.4
1.53723E+12,196.25,215.47,193.47,208.17,584366.1501,118777847.6
1.53714E+12,220.24,225,192.4,196.16,825020.7745,173019109.9
1.53706E+12,221.62,223.5,208.1,220.17,425538.5771,92372399.96
1.53697E+12,208.55,227.42,207.64,221.29,441046.5293,96594593.56
1.53688E+12,210.91,224.2,202.6,208.82,833945.8257,177613712.1
1.5368E+12,183.17,215,183.15,210.68,739503.3405,147281547.2
1.53671E+12,185.14,185.22,167.32,183.12,504047.7917,88384821.01
1.53662E+12,197.22,200.2,176.16,185.18,476745.7922,89920137.2
1.53654E+12,196.13,203.42,187.1,197.15,418489.8666,81950595.02
1.53645E+12,196.87,208.6,185.02,195.81,429255.0259,84861381.28
1.53636E+12,215.19,220.2,190.01,196.71,318859.849,65385376.79
1.53628E+12,229.73,234.69,213.5,215.22,398379.8174,88670418.82
1.53619E+12,228.28,233.19,212,229.7,552996.8657,124860778.4
1.53611E+12,285.18,287.62,227,228.53,528734.3196,136620124
1.53602E+12,289.09,292.64,283,285.3,330102.19,94920949.99
1.53593E+12,295.51,296.62,285.99,289.09,274753.7006,79640131.71
1.53585E+12,295.8,299.33,288.87,295.41,153300.0611,45141040.56
1.53576E+12,281.46,302,281.34,295.71,294944.4401,86146416.37
1.53567E+12,283.9,289,276.59,281.41,302663.3704,84967488.71
1.53559E+12,288.35,291,271.88,283.89,336993.1441,94748097.37
1.5355E+12,295.44,297,283.55,288.4,324275.4732,94515756.42
1.53541E+12,287.71,298,282.66,295.44,318323.2897,91895213.46
1.53533E+12,274.17,288.15,271.59,287.71,281020.6473,77863316
1.53524E+12,277.54,277.91,268.69,274.29,232525.9497,63548492.84
1.53516E+12,281.05,282.71,275.99,277.55,253375.4948,70728357.01
1.53507E+12,276.06,283.1,270.22,281.19,271850.2137,75029435.43
1.53498E+12,270.68,280.3,267.55,275.99,277304.6091,75819913.2
1.5349E+12,281.09,298.89,259.5,270.8,403936.783,113458567.8
1.53481E+12,270.51,285.9,269.7,281.21,224701.5767,62384768.41
1.53472E+12,299.3,304.04,269.5,270.51,219153.7894,63253937.42
1.53464E+12,294.1,307.4,288.2,299.42,288483.4484,85661942.29
1.53455E+12,317.51,321.33,281.79,294.11,384021.3883,115559326.6
1.53446E+12,286.84,318,285,317.51,342556.4607,103050444.6
1.53438E+12,281.46,298.6,277.55,287.17,235665.2551,67837020.51
1.53429E+12,278.47,304.45,276.3,281.12,438620.6416,126037140.7
1.5342E+12,283.81,283.81,250,278.41,485174.3754,127753385
1.53412E+12,317.96,321.99,280.68,283.81,307713.2221,94158006.49
1.53403E+12,317.49,327.13,313.42,317.89,135524.7999,43466733.75
1.53395E+12,331.88,332.98,304.45,317.69,335634.6724,106734997.2
1.53386E+12,363.21,365.87,325.95,331.81,264274.1338,93178451.14
1.53377E+12,355.48,369.9,350.51,363.3,244268.2057,88131409.54
1.53369E+12,378.2,380.42,347.25,355.48,275047.1079,100391980.2
1.5336E+12,405.19,412.76,369.19,378.21,207706.1108,83083795.05
1.53351E+12,408.77,413.28,397.08,405.28,166496.4247,67757484.94
1.53343E+12,407.21,413.24,400.16,408.79,158913.7721,64593904.84
1.53334E+12,417.58,419.53,401.86,407.21,179498.5752,73796154.8
1.53325E+12,410.62,420.01,396.61,417.52,201156.6115,82442762.71
1.53317E+12,420.37,425.52,407.43,410.62,178421.1067,74102793.63
1.53308E+12,432.2,434.99,406.55,420.41,209570.0844,88066594.01
1.533E+12,456.19,457.3,427,432.22,214913.5723,94399725.75
1.53291E+12,466.4,469.79,446.1,456.23,179581.7942,82428123.81
1.53282E+12,468.44,472,461.6,466.4,138747.5633,64627164.92
1.53274E+12,470.09,472,460.82,469.29,156862.5936,73310723.78
1.53265E+12,462.17,474,455.84,470.09,198304.7921,92234746.46
1.53256E+12,472.11,485,460,462.64,173976.2192,82819272.57
1.53248E+12,479.24,485.77,464,472.1,170475.5494,80868121.11
1.53239E+12,450.05,484.27,448.47,479.28,158286.759,74269738.42
1.5323E+12,457.47,469.82,447.11,450.05,106561.4608,49054903.28
1.53222E+12,460.23,472.2,454.19,457.47,60684.89595,28129475.21
1.53213E+12,449.04,468.97,441.18,460.23,74259.64067,34051603.36
1.53204E+12,468.7,471.02,440,449.04,160873.3824,73878492.44
1.53196E+12,479.4,484.15,462.57,468.57,171308.0671,81153216.49
1.53187E+12,498.89,515.47,468.01,479.41,236137.8071,116671540.5
1.53179E+12,478.49,512,465.29,498.76,215318.0676,104290230.2
1.5317E+12,449.79,480.57,444.03,478.49,172440.7134,80398354.46
1.53161E+12,433.2,455,430.52,449.78,140415.2705,62248916.06
1.53153E+12,432.43,440,428.26,433.19,122253.694,53029892.4
1.53144E+12,431.14,442.47,424.62,432.46,150320.3253,65466673.8
1.53135E+12,444.99,445.36,416.94,431.14,181877.0792,78631113.03
1.53127E+12,432.55,452.69,424.2,444.99,159022.5973,69570597.67
1.53118E+12,471.73,473.23,427.69,432.48,173640.9762,77742521.13
1.53109E+12,486.55,488.98,468.2,471.71,89532.14109,42954426.84
1.53101E+12,485.57,495.98,482.05,486.77,144703.1363,70523945.99
1.53092E+12,470.48,487.99,461.5,485.57,83629.95382,39311721.86
1.53084E+12,467.79,476,451.29,470.47,100428.648,46633547.17
1.53075E+12,467.19,480,458.8,467.87,125806.0083,59119270.52
1.53066E+12,461.78,482.7,458.02,467.38,101886.202,48042056.08
1.53058E+12,476.32,486.98,457,461.82,186954.5548,88130206.05
1.53049E+12,452.14,481.83,444.16,476.25,182585.1102,84408714.71
1.5304E+12,454.2,457.77,443.73,452.1,111226.6285,50173671.42
1.53032E+12,434.77,463.15,434.51,454.09,157169.2024,70748384.85
1.53023E+12,420.48,442,404.48,434.77,159495.3094,66573394.28
1.53014E+12,441.36,443.96,416.45,420.22,112309.5671,48557224.77
1.53006E+12,429.81,445.95,420.19,441.64,99156.36437,42947280.72
1.52997E+12,459.04,460.81,429,429.34,84003.09976,37307967.11
1.52988E+12,454.29,474.47,444.37,458.7,122942.1165,56436062.45
1.5298E+12,473.4,475.81,419.53,454.41,198264.1008,88505534.66
1.52971E+12,462.4,481,455,473.41,94465.26834,44316379.47
1.52963E+12,526.32,526.44,450,462.09,212659.5344,102306774.8
1.52954E+12,536.34,544.98,521.11,526.18,79862.90544,42586318.5
1.52945E+12,537.68,542.02,515.08,536.49,123892.0424,65285793.65
1.52937E+12,517.77,548.2,510.01,537.97,148148.3806,78382588.54
1.52928E+12,497.15,524.48,487.27,517.95,143826.6827,72402471.35
1.52919E+12,496.45,507.6,492.7,497.14,117316.9322,58745118.71
1.52911E+12,487.47,503.28,483.72,496.74,131095.4517,64919187.05
1.52902E+12,519.3,521,481.62,487.48,160532.5361,80145974.85
1.52893E+12,475.47,529,460,519.29,206093.0733,102374390
1.52885E+12,493,501.97,449.06,475.47,181842.1942,86416386.63
1.52876E+12,531.08,538.88,482,493,158223.1481,81341580.82
1.52868E+12,524.64,535.51,508.66,531.69,145813.0782,76462994.87
1.52859E+12,592.44,592.87,501.13,524.11,190350.5843,103749727.2
1.5285E+12,599.29,608.97,591,592.87,38908.0653,23425391.98
1.52842E+12,605.2,608.45,593.33,598.68,49228.00755,29570758.38
1.52833E+12,606.68,618,598.24,605.16,60174.1888,36622061.4
1.52824E+12,609.29,613.35,593.4,607.4,70152.92117,42406036.34
1.52816E+12,591.02,614,570.36,609.05,89053.74351,52918830.21
1.52807E+12,619.66,625.47,580.15,591.02,96339.44507,57791317.73
1.52798E+12,590.85,628.81,590.1,619.66,84123.33235,51660963.91
1.5279E+12,579,599.17,572.9,590.85,80258.14719,47346968.13
1.52781E+12,577.81,590.26,564.93,579,83840.84162,48334174.76
1.52772E+12,557.87,586.73,552.98,577.81,100101.5228,57312700.87
1.52764E+12,567.09,585.83,541.2,557.19,122132.2701,68698935.18
1.52755E+12,511.5,573.43,510,567.36,189082.8379,103113233.7
1.52747E+12,570.81,576.2,506.11,511.5,153197.8328,81950608.39
1.52738E+12,586.03,592,557.43,570.4,97097.26713,55737244.52
1.52729E+12,585.56,607.62,578.32,586,77654.12532,46205282.69
1.52721E+12,602.08,617.46,568.7,585.55,118076.2627,70118224.93
1.52712E+12,577.19,612.1,550,602.18,195854.625,114324332.3
1.52703E+12,640.86,669,560,577.19,257099.771,155638543.8
1.52695E+12,697.1,699.6,637.32,640.99,107059.5769,72112726.84
1.52686E+12,716.16,720.46,688,696.7,96085.15451,67799023.55
1.52677E+12,697,729.88,688.4,716.16,86004.7409,61227466.29
1.52669E+12,693.26,717.8,682.31,697,88828.85641,62026599.81
1.5266E+12,667.62,694.9,656,692.6,106541.6631,72118376.52
1.52652E+12,706.8,719.25,662,667.62,106723.3838,74320001.25
1.52643E+12,704.91,712.84,673.52,706.29,118902.469,82315246.51
1.52634E+12,727.49,740,695,704.91,127191.2186,91869541.84
1.52626E+12,729.08,743.9,686,727.49,183466.9224,131397089.1
1.52617E+12,684.56,742,666.31,729.08,136022.3921,96516164.98
1.52608E+12,676.96,690.2,633.2,684.11,166801.0749,111101666.3
1.526E+12,722.52,737.23,663,676.96,216953.5499,150336847.8
1.52591E+12,752.4,769.88,720,722.52,102019.2993,76658823.46
1.52582E+12,748.99,760.74,710.26,751.75,112353.3776,82933836.45
1.52574E+12,753,777,720.02,748.99,135106.1962,101156197.3
1.52565E+12,794.3,799.14,701,752.49,284237.0633,210066185.3
1.52556E+12,819.5,839.99,752.49,794.3,166871.16,132187629.5
1.52548E+12,785.8,832.66,781.56,819.5,128631.1876,104594301.6
1.52539E+12,779,810,756.91,785.99,179924.4022,141283262.9
1.52531E+12,688.55,792.08,685.39,779,229419.209,169982888.3
1.52522E+12,671.99,691.99,663,688.56,86185.5033,58547697.51
1.52513E+12,670.78,675.6,627.58,672,133123.6668,87065924.85
1.52505E+12,690.85,695.3,662.2,670.78,112494.9172,76654028.98
1.52496E+12,683.5,700.49,665.28,690.85,110020.2387,75235079.3
1.52487E+12,643.41,694.9,638.76,682.86,113128.3634,76596615.43
1.52479E+12,661.51,686.82,635.73,643.46,134803.4839,89621495.42
1.5247E+12,617.73,666.19,600,661.51,155754.0082,98084636.58
1.52461E+12,701.16,703.3,593.83,618,341439.5043,218497368.2
1.52453E+12,644.58,712.99,643.76,701.58,171437.6697,118180314.7
1.52444E+12,620.67,649.11,618.02,645.09,77475.70793,49473079.44
1.52436E+12,604.87,643.49,589,620.92,120127.3728,74788729.85
1.52427E+12,616.8,624.5,570.23,604.87,159364.9535,95664939.94
1.52418E+12,568.14,622.17,556.5,617.09,160209.0395,93907683.48
1.5241E+12,526.49,571.61,521.03,568.14,112235.7733,61044208.32
1.52401E+12,502.56,526.99,501.12,526.09,73161.95251,37673780.84
1.52392E+12,512.09,521.2,500.02,502.56,96541.96382,49273622.85
1.52384E+12,533.88,538,497.31,511.46,130359.5255,66652300.81
1.52375E+12,502.68,535,502.51,533.88,108739.154,56506254.97
1.52366E+12,494.69,515,485.58,502.68,121283.3338,60727364.27
1.52358E+12,494.3,530,480.22,495.11,251752.0878,127274585
1.52349E+12,429.9,499,412.88,495.67,249766.3832,113968625.3
1.5234E+12,415.53,433.54,410.38,429.52,86706.68627,36371404.23
1.52332E+12,399.25,418.68,391.4,416.07,81394.29605,32805764.1
1.52323E+12,400.4,431.99,387.1,399.44,151653.5041,61605245.87
1.52315E+12,384.51,404.05,384,400.4,57395.52936,22720923.55
1.52306E+12,368.89,394.75,368.28,384.51,71463.42848,27442723.66
1.52297E+12,381.56,385.91,362.54,368.89,74458.69141,27645272.52
1.52289E+12,378.15,387.03,365.61,381.22,120314.0588,45411126.9
1.5228E+12,415,416.5,370,378.16,140598.3967,54594624.76
1.52271E+12,385,419.08,380.13,415.01,137897.5557,55385110.15
1.52263E+12,378.58,394.87,375,385.05,113242.1419,43596858.5
1.52254E+12,393.93,399.91,356.9,378.58,150493.9942,56620178.35
1.52245E+12,392.4,419.4,388.52,393.92,167833.594,67461541.59
1.52237E+12,383.87,412.04,366,392.43,292254.7944,112316125.3
1.52228E+12,446.07,449.43,380,384,225341.9432,91719449.93
1.5222E+12,448.5,466,440.14,446.67,89895.47885,40547475.95
1.52211E+12,485,491.55,446,448.5,138188.7604,63816245.43
1.52202E+12,523.95,527.67,465.56,485,151084.2369,74104022.13
1.52194E+12,521.17,536,512,523.74,71903.1713,37482165.18
1.52185E+12,543.2,545.99,518.63,520.22,87710.78945,46963103.45
1.52176E+12,539.78,544.72,506.71,543.03,106416.0675,55542669.04
1.52168E+12,559.15,578.6,516,539.92,111106.1992,60459505.61
1.52159E+12,557,590.52,545.11,559.17,117019.1732,66572210.67
1.5215E+12,556.88,567.87,515,557,135426.9155,73696454.56
1.52142E+12,537.39,560,515.8,556.88,184798.7706,99812549.64
1.52133E+12,547.98,560,450,537,248817.226,125170992.1
1.52124E+12,599.03,609.26,544,546.95,68022.4592,39167671.25
1.52116E+12,608.83,625.3,584.15,599.05,64720.20994,39356556.47
1.52107E+12,610.1,621.12,570,608.83,94426.72453,56487242.01
1.52099E+12,690.16,703.54,585,610.1,89904.25415,57785217.49
1.5209E+12,696.52,713.76,680,689.94,55735.18315,38651705.85
1.52081E+12,721,740.5,676.31,697.11,67732.85988,48042091.35
1.52073E+12,680.58,735,659.15,720.85,73967.35869,51773437.87
1.52064E+12,723.65,745,673.06,680.58,63012.67972,45345997.5
1.52055E+12,695.48,727.92,640,723.71,116545.373,79262060.75
1.52047E+12,749.02,772.07,684,695.46,76312.77819,55751521.78
1.52038E+12,813.31,826.2,718.4,749.9,109013.2838,83030975.9
1.52029E+12,849.81,853.18,803.01,813.11,48658.06883,40340972.83
1.52021E+12,866.61,871.75,847.2,849.84,30567.79813,26391332.15
1.52012E+12,856.51,868,836.24,866.66,29735.01829,25364732.86
1.52004E+12,856.27,870.78,852.3,856.02,34170.2942,29487108.37
1.51995E+12,870.63,876.22,850,856.28,39436.26006,34068626.38
1.51986E+12,853.5,879.96,848.65,870.63,43785.00503,37976139.75
1.51978E+12,871.84,891,850.3,853.5,53620.45209,46744924.42
1.51969E+12,867.98,897.49,860.69,870.11,63487.68425,55793476.98
1.5196E+12,841.46,882,833,867.98,74911.4656,64498089.2
1.51952E+12,833.92,849.5,813.18,841.19,59431.26474,49520472.19
1.51943E+12,851.59,875,805,833.94,89311.5794,75082869.27
1.51934E+12,801.47,885,785.99,851.6,154507.4134,130147658
1.51926E+12,836.35,871.96,786.6,801.49,137561.8511,112939926.7
1.51917E+12,882.99,908.88,812.87,835.89,176200.5515,151739403
1.51908E+12,939.17,961,873,882.99,120056.675,111258170
1.519E+12,911,956.22,906.04,938.11,80099.49534,75083849.38
1.51891E+12,969.99,978.5,897,911,160129.7952,149501060.9
1.51883E+12,938.6,974,933.48,969.99,110091.0362,105637458.5
1.51874E+12,924.55,948.48,901.36,938.67,115540.1635,107292023.6
1.51865E+12,919.09,946.66,895.59,924.55,155637.7852,143817533.1
1.51857E+12,841.57,924.99,841.3,919.09,150342.8556,133514830.9
1.51848E+12,866.39,871,820,841.57,110305.9354,92966057.38
1.51839E+12,808.58,877.56,807.46,866.66,143586.9312,122610007.9
1.51831E+12,851.15,857,768.28,808.99,189323.408,154647315
1.51822E+12,876.3,911.2,800,851.15,214818.0677,184921265
1.51813E+12,781.66,882.2,781.66,877,95447.67289,81316368.02
1.51805E+12,753.19,786.93,751,781.66,10516.2619,8110366.548
1.51796E+12,779.99,849,714.18,754,356403.4441,282259408.7
1.51788E+12,697.93,798,570.1,779.25,648944.4204,435291131
1.51779E+12,821.6,862.47,634.94,697.92,365516.529,270801309.7
1.5177E+12,971,975,789,823.56,186446.0316,163419119
1.51762E+12,923.67,998,851,971,160037.8813,150132852.2
1.51753E+12,1041.89,1047.2,783.67,922.3,377375.2287,348077470.8
1.51744E+12,1125.96,1164.99,981,1041.94,203355.2905,220810878.7
1.51736E+12,1084.63,1135,1029,1124.81,100372.0378,109226169.4
1.51727E+12,1177.01,1186.85,1051,1085.5,155278.554,173857602.8
1.51718E+12,1251.96,1258.89,1161.65,1177.01,105292.7681,126282956.2
1.5171E+12,1118.99,1277,1112,1251.96,143510.7359,173283524.9
1.51701E+12,1051.03,1127.99,1032.2,1118.99,96894.33839,105043056.4
1.51692E+12,1055.29,1082,986,1051.03,145113.638,150237011.3
1.51684E+12,1060.34,1115,1030.26,1056.52,119415.935,127855243.2
1.51675E+12,981.2,1074,953.09,1061,134257.7947,135793371.3
1.51667E+12,993,1030,909,980,160159.6396,156053774.3
1.51658E+12,1049,1090.15,908,993,185212.52,185276703.4
1.51649E+12,1150.37,1152.69,998,1049,175031.0079,186353755.6
1.51641E+12,1032.5,1165.4,1031,1152.75,123352.5836,137333158.1
1.51632E+12,993.3,1079,941,1032.5,167954.1125,171217738.3
1.51623E+12,1000,1075.2,924.21,994,294545.7121,296964713.7
1.51615E+12,999.99,1075.51,755,1000,436333.6733,398063123.7
1.51606E+12,1268.67,1275.01,780,1000,343889.3651,355819297.5
1.51597E+12,1347.99,1383.13,1258.12,1271,69236.70476,90732886.24
1.51589E+12,1388.1,1391.89,1220.89,1347,98391.19585,128517479.7
1.5158E+12,1253.87,1427.01,1252,1388.02,75893.43201,101824625.3
1.51572E+12,1136.45,1288.5,1069.01,1253.87,93763.47261,113367281.8
1.51563E+12,1249.03,1332.49,1021,1138.93,194546.2939,230792205.9
1.51554E+12,1291,1440,1201.1,1247,160185.0129,210902815.5
1.51546E+12,1133.18,1326.5,1104.85,1291,118702.8868,143246762.1
1.51537E+12,1123.09,1239.18,910,1133.18,158831.548,176599793.2
1.51528E+12,1003.71,1125,999.9,1123.09,65278.81957,70126945.17
1.5152E+12,958,1017.56,950,1004.11,71954.27895,71196052.34
1.51511E+12,940,1045,930,959.3,97374.0163,95739901.48
1.51502E+12,934.03,1009.72,890.01,940,102894.4738,97740086.59
1.51494E+12,855.13,950.01,810,934.03,89041.45688,78173093.71
1.51485E+12,754.99,899.5,749.06,855.28,113257.7836,95749946.06
1.51476E+12,733.01,763.55,716.8,754.99,53909.25885,40049370.59
1.51468E+12,680.01,740,672.86,733.98,62628.24458,44570894.8
1.51459E+12,732.9,735,635.82,681.06,89879.99994,61752153.66
1.51451E+12,709.5,757.87,703,733.99,64028.12647,46838775.82
1.51442E+12,739.89,744.93,645.88,707.89,72679.61288,50030889.11
1.51433E+12,750,766.05,693.18,739.89,51339.2782,38102246.99
1.51425E+12,713.12,750,712.56,750,60052.47905,44216631.9
1.51416E+12,659.4,744,599.99,714.95,78544.84102,55108579.68
1.51407E+12,640.33,667.64,563.49,658,95431.94156,59101715.15
1.51399E+12,635.15,714.99,627.97,640.34,79001.05634,53738833.88
1.5139E+12,784,796,504.99,635.97,154630.4948,98661808.48
1.51381E+12,794.62,845.99,705.98,782.41,78222.53998,62052521.65
1.51373E+12,798,828,661,790.21,72526.28416,55604509.75
1.51364E+12,784,864.9,729.01,798,69423.62125,55123972.02
1.51356E+12,707.62,798.88,638,784,45673.70777,32799947.57
1513555200,707.64,798.88,638,784,44690.73,32105763.14
1513468800,682.81,728,680.33,707.64,31020.47,21975505.95
1513382400,674.95,712,669.22,682.81,26513.5,18224734.51
1513296000,679.76,689,594.6,674.95,38846.45,25295708.27
1513209600,683.99,747.6,630.5,679.76,57181.08,39405168.61
1513123200,620,705.69,539.93,683.99,56293.24,35464491.73
1513036800,508.7,639.27,494.89,620,57688.7,32272500.99
1512950400,427.35,512,427.35,508.7,29217.01,13524545.46
1512864000,460,460.05,403.2,427.35,34191.63,14810733.68
1512777600,442.56,488,426.4,460,41096.91,18959683.2
1512691200,406.33,456.78,390,442.56,40380.88,17138384.6
1512604800,411.01,427.61,375.01,406.33,40363.47,16448315.18
1512518400,452.26,455.1,400,411.01,37604.29,16319473.42
1512432000,466.67,468.67,445.21,452.26,25124.57,11542893.64
1512345600,460.3,470.98,445,466.67,22821.77,10495993.46
1512259200,457.63,485.9,440.11,460.3,24259.95,11328969.12
1512172800,457.51,471.91,445,457.63,25506.76,11749838.63
1512086400,427.43,465.97,413.74,457.51,32723.55,14317733.79
1512000000,421.7,460,387.01,427.43,44559.85,18862295.63
1511913600,466.17,515,385,421.7,50344.11,23217199.77
1511827200,472.31,477.5,453.5,466.17,23650.24,11077396.79
1511740800,462.84,486.94,453,472.31,23533.56,11092308.97
1511654400,461.82,465,436.14,462.84,21559.21,9794537.68
1511568000,469,484.47,450,461.82,21143.58,9825209.52
1511481600,405,475,392.8,469,29973.4,12904066.22
1511395200,380.65,425,370.02,405,25137.24,9979407.1
1511308800,362.12,384.84,359,380.65,17927.22,6582637.83
1511222400,367.42,375.5,350.02,362.12,25815.42,9403802.37
1511136000,354.15,372.5,353.9,367.42,18060.1,6522412.41
1511049600,346.66,373.56,343.07,354.15,19280.47,6853939.68
1510963200,331.23,349.9,326.01,346.66,14227.06,4735608.57
1510876800,331.49,334.6,323.84,331.23,18033.21,5951281.48
1510790400,331.33,334.75,321.41,331.49,14065.86,4612016.7
1510704000,335.61,339,324,331.33,15409.67,5116263.34
1510617600,312.99,337.54,312.94,335.61,17479.57,5682689.3
1510531200,305.24,318.88,303.7,312.99,15399.84,4804508.58
1510444800,310.02,316.99,281.01,305.24,20889.35,6276531.03
1510358400,293.5,318,291.91,310.02,10764.3,3256927.49
1510272000,317.87,322.65,285.82,293.5,15463.01,4721270.61
1510185600,303.02,329,299.5,317.87,11093.28,3509086.96
1510099200,291.78,320,290.02,303.02,15603.8,4729826.12
1510012800,297.97,303.52,287,291.78,9302.34,2731426.72
1509926400,295.53,305.58,290.11,297.97,7466.26,2218959.5
1509840000,298.04,302.14,293.13,295.53,6614.04,1967164.34
1509753600,304.08,304.99,292.11,298.04,7765.91,2315342.78
1509667200,283.12,307,282,304.08,8057.59,2360525.71
1509580800,287.01,293,274.73,283.12,13163.53,3736468.51
1509494400,304.9,305.9,286.34,287.01,9807.45,2938149.94
1509408000,307.25,309.99,304.01,304.9,7631.45,2344790.92
1509321600,305,316,302.1,307.25,8863.26,2725859.28
1509235200,291.87,309.4,291.86,305,8975.34,2702954.94
1509148800,296.33,297,290.1,291.87,5833.59,1711301.74
1509062400,294.71,298.1,292.03,296.33,6230.29,1840292.6
1508976000,294.49,299.76,291.03,294.71,7760.28,2290879.1
1508889600,297.38,300,281,294.49,9624.76,2818151.89
1508803200,281.09,310,275.5,297.38,13991.58,4230858.49
1508716800,293.79,294.6,272.2,281.09,9580.48,2720877.48
1508630400,298.94,306.99,290,293.79,7149.29,2113555.82
1508544000,304.51,305.34,290,298.94,8498.8,2531002.63
1508457600,308.66,311.18,302,304.51,8696.57,2654276.53
1508371200,309.7,315,300,308.66,8637.51,2662555.18
1508284800,315.19,318,284.68,309.7,12779.33,3877210.96
1508198400,335.19,336.58,312.65,315.19,8092.4,2620614.96
1508112000,337.96,354,332.78,335.19,8634.15,2946408.58
1508025600,342,348,316.17,337.96,9964.35,3311218.81
1507939200,337.96,349.8,335,342,7698,2644022.46
1507852800,303.99,353.96,297,337.96,17766.25,5782386.5
1507766400,304.01,310,302.71,303.99,7775.58,2381102.13
1507680000,298.64,305.5,298.02,304.01,3715.65,1122578.04
1507593600,297.19,308.56,293,298.64,6691.84,2011440.17
1507507200,311.07,312.13,286.65,297.19,4852.92,1452816.74
1507420800,311.01,317.07,309,311.07,2952.08,921220.96
1507334400,310.8,318.5,303.6,311.01,2120.52,658190.78
1507248000,294.81,310.8,293.78,310.8,3510.89,1054697
1507161600,291.99,297.44,285.53,294.81,3370.96,982644.49
1507075200,292.48,297.97,288,291.99,3989.57,1168807.66
1506988800,296.5,301.99,283.18,292.48,5518.95,1614235.08
1506902400,303.95,305,295,296.5,3670.04,1104217.48
1506816000,304.36,306,294,303.95,5034.38,1511264.71
1506729600,292.22,307.49,292.22,304.36,3997.83,1207595.88
1506643200,302.44,303,274,292.22,10997.93,3187358.83
1506556800,309.74,311.81,296.89,302.44,6521.08,1984843.83
1506470400,287.9,313,286.13,309.74,5467.39,1626645.28
1506384000,294.42,296.81,286.24,287.9,4527.17,1320510.93
1506297600,282,299,281.34,294.42,5861.15,1702847.03
1506211200,285.93,294.61,275,282,5544.62,1574147.48
1506124800,264,286.23,255.11,285.93,2821.68,788085.05
1506038400,257,272.97,253.01,264,1463.53,382707.68
1505952000,282,287,252.1,257,1909.37,515321.69
1505865600,284,294,275.91,282,1054.54,301038.78
1505779200,294.57,300,277.41,284,1858.5,532540.71
1505692800,257.55,306.22,257.11,294.57,4121.19,1181549.67
1505606400,249.31,264.39,239.02,257.55,4589.96,1143692.64
1505520000,253,271.81,235.51,249.31,10265.41,2621693.27
1505433600,215.21,270.93,192,253,14101.49,3291332.29
1505347200,276.91,283.77,215,215.21,12488.22,3082667.27
1505260800,293.96,294.5,257.05,276.91,6341.5,1730175.07
1505174400,297.3,316.46,286.01,293.96,5140.78,1562612.65
1505088000,293.5,304.98,285.21,297.3,4779.63,1421764.78
1505001600,296.74,302.78,261.03,293.5,4060.25,1155244.93
1504915200,302.99,307,281.66,296.74,2713.25,805572.88
1504828800,334.49,335.1,272,302.99,4874.53,1481290.06
1504742400,335,342.5,320.17,334.49,2977.82,985179.06
1504656000,312.09,336.34,312.09,335,5243.66,1714528.14
1504569600,283.77,321.52,235.55,312.09,7840.86,2253410.75
1504483200,341.77,344.55,267.94,283.77,6366.69,1893325.25
1504396800,343.14,367.28,320.08,341.77,5012.55,1718948.68
1504310400,388.46,394.32,320.08,343.14,7919.71,2791543.78
1504224000,384.79,394.39,383.18,388.46,4156.84,1618914.43
1504137600,385.93,389.36,377.78,384.79,4375.31,1681160.72
1504051200,374.7,393.71,362.05,385.93,4331.81,1636125.32
1503964800,346,377.6,346,374.7,2900.75,1054485.89
1503878400,348.13,351,331.95,346,4230.19,1447042.11
1503792000,330.79,348.13,330.73,348.13,4580.62,1536125.51
1503705600,327.24,335.44,323.41,330.79,4821.82,1583578.33
1503619200,323.42,338.28,323.42,327.24,7026.71,2321556.04
1503532800,315.74,328.04,314.01,323.42,6608.08,2113017.42
1503446400,309.8,324.99,309.41,315.74,8532.37,2711275.03
1503360000,323.29,330.41,144.21,309.8,7807.91,2408767.25
1503273600,299.1,346.52,294.6,323.29,5134.54,1661944.36
1503187200,290.91,300.53,282.85,299.1,2469.49,730800.66
1503100800,293.96,299.9,278,290.91,2140.08,618248.58
1503014400,302,311.79,283.94,293.96,9392.79,2815460.24
1502928000,303.61,312.18,298.21,302,6155.32,1890017.53
