unix,open,high,low,close,Volume LTC,Volume USDT
1610320000000,170.06,170.74,166.71,167.63,22957.935,3869362.759
1610240000000,177.27,185.83,161.86,170.07,2269705.045,397700165.6
1610150000000,172.28,178.8,163.3,177.26,1749781.85,299170389.3
1610060000000,169.35,181.92,150,172.19,2843159.703,479867965.5
1609980000000,168.96,181.22,161.18,169.35,2493533.995,424745168.5
1609890000000,158.46,169.72,154.95,168.92,1857831.432,302208185.3
1609800000000,155.33,162.8,146.52,158.43,1998205.924,308980342.2
1609720000000,161.23,173.66,139.31,155.34,3530422.204,551040498.9
1609630000000,136.94,164.7,135.3,161.24,3813834.077,568621276.8
1609550000000,126.2,142,123.15,136.96,2442266.765,323461384.2
1609460000000,124.22,133.97,122.89,126.24,1539801.808,197556175.4
1609370000000,130.06,130.35,121.98,124.21,1248723.034,156991311
1609290000000,128.8,133.11,122.63,130.05,1727676.641,220908109.4
1609200000000,129.84,130.9,120,128.8,1732248.384,218608845.4
1609110000000,127.83,137.41,126.37,129.83,2349842.955,309678082.1
1609030000000,129.61,139.47,121.88,127.88,3743173.13,494840941.2
1608940000000,127.74,135.19,124.94,129.61,3461075.647,449830181
1608850000000,111.13,128.63,108.18,127.78,3117913.949,370546271.5
1608770000000,102.46,112.32,98.55,111.13,2696980.517,282469396.4
1608680000000,114.31,117.29,95.23,102.45,3923591.074,424020893.5
1608600000000,104.48,114.63,98.35,114.32,3210319.325,342738420
1608510000000,114.59,118.65,100.31,104.45,2599527.814,283146069.8
1608420000000,119.85,123.21,109.76,114.58,2671305.328,313367367.8
1608340000000,109.34,124.24,105.31,119.85,2753360.2,316850965.4
1608250000000,100.99,112.88,99.24,109.34,3141671.536,337670222.2
1608160000000,92.94,109.8,90,101.01,4161454.893,414585850.7
1608080000000,81.36,93.44,78.31,92.94,2349124.199,201924000.2
1607990000000,82.38,84.93,80.39,81.32,1348469.209,110776073.6
1607900000000,82.27,82.98,79.11,82.35,1102081.73,89440711
1607820000000,76.64,84.38,75.52,82.28,1278882.983,102688853.3
1607730000000,72.2,77.58,71.97,76.67,872394.1288,65737747.08
1607640000000,74.77,75.09,69.87,72.2,1484095.852,106519712.2
1607560000000,77.41,77.66,72.51,74.7,900570.5582,67806633.7
1607470000000,76.75,78.14,72.13,77.41,1378314.594,104645905.7
1607390000000,83.37,84.83,75.41,76.76,1230953.87,98587741.42
1607300000000,83.54,86.87,81.73,83.37,1145446.474,96166838.19
1607210000000,83.11,85.19,80.31,83.55,921046.76,76405873.32
1607130000000,79.52,84.28,78.61,83.14,1278363.446,104622408.6
1607040000000,89.01,89.84,77.8,79.52,1701697.853,144315548.7
1606950000000,88.89,91.5,85.46,89,1690248.459,149648537.5
1606870000000,85.07,90.63,82.61,88.9,2135078.479,185587960.3
1606780000000,87.66,93.01,79.56,85.08,3600461.263,316329074.1
1606690000000,78.89,88.46,76.63,87.65,2118965.668,176439147.8
1606610000000,72.68,81.07,71.51,78.91,1514540.211,115532599.7
1606520000000,69.18,74.97,68.26,72.7,1483068.359,106171116.7
1606440000000,70.99,73.5,65.3,69.15,1707521.504,118203288.9
1606350000000,81.75,83.29,64.45,71,3435959.295,251435782.4
1606260000000,89.27,90.76,78.05,81.75,1631940.241,141140495.3
1606180000000,89.04,94.02,84.6,89.25,2621715.643,235080123.6
1606090000000,82.87,90.93,80.8,89.03,2535636.068,220072734.2
1606000000000,87.09,87.92,77.3,82.87,2048304.581,171408076
1605920000000,82.55,88.5,80.1,87.14,2521719.408,212594343
1605830000000,81.54,85.63,79.99,82.53,2386175.152,196229165.3
1605740000000,73.41,83.4,71.47,81.53,2773824.056,216138873.6
1605660000000,76.32,77.13,67.77,73.42,2653342.041,193749896.7
1605570000000,73.83,77,71.36,76.32,2844994.899,210321473.6
1605480000000,62.29,74.62,62.08,73.84,2526207.16,174408345.8
1605400000000,63.83,64.43,61.08,62.28,685249.755,42937719.08
1605310000000,65.96,66.32,61.63,63.85,1017826.058,64664038.17
1605230000000,60.72,66.66,60.14,65.96,1974381.67,125824947
1605140000000,59.28,60.82,57.6,60.72,830578.2623,48949867.85
1605050000000,57.94,60.53,57.8,59.27,824536.8815,49135913.09
1604970000000,59.22,59.6,57.04,57.93,639990.2161,37334044.16
1604880000000,61,61.86,57.37,59.23,997800.7853,59500899.17
1604790000000,58.9,62.03,58.52,61.02,795875.095,47974026.23
1604710000000,63.22,64.77,57,58.9,1655539.627,101656386.8
1604620000000,58.94,63.68,58.61,63.2,1735473.543,106582211.4
1604530000000,54.7,59.73,54.62,58.95,1366335.629,78053912.17
1604450000000,53.96,55.24,51.59,54.67,801009.7913,42873857.89
1604360000000,53.82,54.37,51.13,53.96,672320.1624,35538087.92
1604280000000,55.6,56.84,53.01,53.8,700498.4928,38304588.6
1604190000000,55.69,56.19,54.07,55.6,369373.8115,20377654.87
1604100000000,54.02,56.5,53.6,55.72,593903.9755,32842454.2
1604020000000,54.88,55.78,52.2,54.01,706074.8977,38012823.48
1603930000000,55.76,56.57,53.37,54.87,798253.7344,44138399.06
1603840000000,57.9,60.55,54.71,55.77,1227549.683,70621904.72
1603760000000,56.8,59.06,56.46,57.91,846694.2483,48919719.2
1603670000000,58.83,59.31,54.94,56.82,937505.2703,53674188.74
1603580000000,59.22,60,56.53,58.84,907068.986,52879298.08
1603500000000,55.41,59.64,54.83,59.23,945746.1709,54668506.17
1603410000000,54.35,57,53.02,55.42,1079055.892,59587249.93
1603320000000,52.98,56.31,52.97,54.35,1405890.004,77327816.23
1603240000000,46.88,55,46.85,52.98,1425655.018,73309576.46
1603150000000,47.99,48.46,46.36,46.88,399254.8468,18896873.09
1603070000000,47.54,48.44,46.8,47.99,316808.8316,15130105.41
1602980000000,46.92,47.98,46.78,47.54,164733.2731,7805904.885
1602890000000,47.61,47.64,46.28,46.93,222964.8575,10497057.84
1602810000000,49.52,49.84,45.6,47.6,603775.0779,28593842.02
1602720000000,49.79,50.24,48.8,49.53,349966.0374,17351907.65
1602630000000,49.9,51.04,49.27,49.79,381873.3122,19133732.71
1602550000000,50.58,50.71,48.8,49.89,468445.0522,23391991.81
1602460000000,50.48,51.5,49.24,50.58,622150.7086,31453313.26
1602370000000,48.89,51.27,48.66,50.48,393329.6318,19761562.47
1602290000000,47.78,50.46,47.76,48.88,426163.7388,21004622.66
1602200000000,47.21,48.2,46.59,47.78,402514.8917,19072193.16
1602120000000,46.56,47.5,45.45,47.21,412581.6649,19225906.32
1602030000000,46.01,46.96,45.02,46.55,384596.7196,17705158.85
1601940000000,46.35,48.25,45.52,45.99,650720.4719,30394416.86
1601860000000,46.68,47.08,45.53,46.34,288147.2751,13330240.06
1601770000000,45.5,47.07,45.28,46.69,257423.6619,11876813.23
1601680000000,44.88,45.97,44.72,45.51,225825.7437,10251368.17
1601600000000,46.25,46.97,43.19,44.88,518670.8656,23374092.73
1601510000000,46.26,48.46,45.23,46.25,691422.8161,32358413.42
1601420000000,45.68,46.7,45.44,46.24,294138.0047,13522251.94
1601340000000,45.23,45.85,44.95,45.69,314875.6977,14304470.52
1601250000000,46.05,47.14,44.8,45.23,500347.3406,23201352.78
1601160000000,46.01,46.62,44.56,46.05,299821.6435,13723604.17
1601080000000,46.01,46.56,45.12,46.03,239828.3702,11012106.72
1600990000000,44.92,46.58,43.97,46.02,417026.331,18981897.44
1600910000000,42.99,45.29,42.56,44.92,385922.0493,17040575.24
1600820000000,44.47,45.14,42.25,42.96,416831.7165,18334844.49
1600730000000,43.17,44.79,42.75,44.47,334632.7292,14655664.33
1600650000000,47.1,47.64,41.59,43.16,724381.6674,32251827.73
1600560000000,48.51,48.51,46.15,47.09,309678.1131,14655189.83
1600470000000,48.53,49.03,47.94,48.52,225043.6954,10911627.64
1600390000000,48.85,49.07,47.44,48.54,322351.6254,15606108.21
1600300000000,47.76,49.67,47.64,48.85,412392.2906,20027421.97
1600210000000,48.29,48.75,46.91,47.76,409293.5778,19641762.87
1600130000000,49.08,50.37,48.1,48.31,615374.4693,30324133.01
1600040000000,48.17,49.65,47.11,49.08,493683.7538,23889800.05
1599960000000,50.82,51.04,47.26,48.15,458828.4182,22491968.4
1599870000000,48.95,51.31,48.38,50.8,451949.524,22526760.7
1599780000000,48.65,49.59,47.37,48.96,367092.2209,17795692.86
1599700000000,47.82,49.45,47.77,48.67,474471.8604,23124448.15
1599610000000,47.47,48.81,46.52,47.82,378772.5076,18086146.49
1599520000000,48.85,49.35,45.98,47.47,760182.5056,36217916.47
1599440000000,47.93,49.18,45.22,48.84,826692.5652,39178475.9
1599350000000,47.82,49.25,46.28,47.92,653592.7869,31350140.49
1599260000000,50.33,51.32,45.21,47.83,1350657.17,64939622.89
1599180000000,47.28,52.38,46.24,50.32,1476516.482,72672986.39
1599090000000,58.07,58.62,45.33,47.28,1324245.741,70829796.09
1599000000000,62.68,63.19,56.32,58.06,934006.3001,55622757.79
1598920000000,60.94,64.31,59.69,62.69,972744.4794,60949621.55
1598830000000,62.89,63.7,60.51,60.92,680146.7862,42096579.02
1598750000000,56.95,62.95,56.93,62.89,839317.1019,50554543.16
1598660000000,57.36,58.18,56.93,56.97,408492.1858,23507419.65
1598570000000,56.12,58.28,55.33,57.38,644522.1891,36748399.4
1598490000000,58.11,59.24,53.91,56.1,975870.1083,55177834.16
1598400000000,58.33,59.1,57.02,58.1,663386.2602,38515676.32
1598310000000,62.03,62.29,56.6,58.34,1171220.251,69265853.44
1598230000000,60.56,63.01,59.97,62.02,687323.0585,42512670.17
1598140000000,60.21,61.63,58.01,60.55,629697.6774,37577206.23
1598050000000,59.18,60.54,57.76,60.21,735637.1664,43559095.85
1597970000000,62.8,63.9,58.77,59.2,1054292.687,64713283.33
1597880000000,62.08,63.68,61,62.8,867577.3576,54226397.3
1597800000000,65.42,67.15,58.73,62.12,1699324.387,105697900
1597710000000,67.22,68.37,63.37,65.4,1562910.414,103317811.9
1597620000000,63.89,68.88,61.34,67.22,1790813.803,116245941.8
1597540000000,59.85,64.6,57.8,63.87,1576897.593,97000374.94
1597450000000,56.78,60.87,56.45,59.85,1137795.123,66736568.52
1597360000000,57.14,57.85,55.82,56.78,728312.3005,41365693.27
1597280000000,54.54,57.3,51.86,57.14,837109.9072,45688906
1597190000000,54.11,55.05,51.55,54.52,645092.4992,34861226.2
1597100000000,58.27,59.67,52.37,54.1,887598.7193,49937919.23
1597020000000,56.96,59.4,56.38,58.27,651148.7947,37767773.99
1596930000000,58.46,58.67,56,56.96,368846.6937,21154392.52
1596840000000,57.19,58.55,56.46,58.46,428217.7033,24648595.75
1596760000000,59.03,61.08,54.51,57.17,897911.4406,52389315.89
1596670000000,58.88,60.68,57.69,59.03,822577.3453,48695999.69
1596590000000,57.62,59.77,56.73,58.88,716365.4747,41978222.98
1596500000000,58.51,59.62,56.26,57.61,625555.6142,36194009.14
1596410000000,56.77,60.03,55.71,58.48,825040.8628,48042233.88
1596330000000,61.65,65.17,51.79,56.77,1811190.592,106128081.3
1596240000000,58.13,62.23,57.55,61.65,1209772.307,72750836.99
1596150000000,56.73,59.26,55.78,58.13,656214.791,37799292.06
1596070000000,55.17,58.61,53.91,56.75,1024240.968,57655048.24
1595980000000,55.76,56.97,54.65,55.16,827762.0176,46195373.45
1595890000000,53.29,57.92,51.65,55.75,1524796.933,83657329.52
1595810000000,48.07,55.83,46.85,53.28,1501022.714,76319950.41
1595720000000,49.16,50.79,47.49,48.1,895757.1956,43736445.02
1595640000000,44.12,49.52,44.03,49.16,908436.854,43121417.15
1595550000000,44.93,44.96,43.93,44.11,246802.5687,10968239.44
1595460000000,44.96,45.63,44.52,44.94,432494.1135,19488260.36
1595380000000,43.77,45.12,43.2,44.96,335459.8854,14753443.16
1595290000000,41.94,44.11,41.87,43.77,314440.3762,13653758.51
1595200000000,42.65,42.79,41.37,41.94,180313.8811,7608229.187
1595120000000,42.45,42.89,41.83,42.64,195427.4033,8265623.249
1595030000000,41.88,42.9,41.73,42.45,171429.4828,7261317.08
1594940000000,42.09,42.49,41.72,41.9,201904.6002,8482168.909
1594860000000,43.34,43.49,40.85,42.09,389747.3708,16388849.49
1594770000000,43.88,44.06,42.81,43.33,216931.7592,9414665.122
1594680000000,43.91,44.09,42.86,43.88,246958.9888,10753439.35
1594600000000,44.72,45.59,42.31,43.92,445103.8423,19783707.24
1594510000000,44.68,45.3,43.7,44.7,245471.1215,10954049.96
1594430000000,44.32,44.77,43.85,44.69,186318.6897,8259738.998
1594340000000,44.34,44.64,43.44,44.3,256685.4454,11325710.67
1594250000000,45.35,45.87,43.57,44.33,413268.7653,18508763.95
1594170000000,43.39,45.62,43.1,45.35,537390.4083,24100589.49
1594080000000,44.07,44.49,43.06,43.39,307753.4438,13417182.82
1593990000000,41.58,44.31,41.5,44.06,368489.7152,15857759.21
1593910000000,42.11,42.2,40.75,41.58,235045.8286,9752587.243
1593820000000,41.13,42.23,41.06,42.11,239298.3279,9986664.029
1593730000000,41.03,41.7,40.89,41.14,190294.7756,7860587.604
1593650000000,41.76,41.9,40.28,41.05,274520.0542,11294890.2
1593560000000,41.16,42.01,40.96,41.77,189759.3367,7889028.981
1593480000000,41.87,42.07,40.73,41.17,170712.3676,7047775.85
1593390000000,41.37,42.29,40.59,41.87,323346.172,13400088.96
1593300000000,41.04,42.05,40.48,41.37,169011.9869,6984592.715
1593220000000,43.1,43.12,39.11,41.06,301504.6343,12500262.77
1593130000000,42.34,43.6,41.37,43.09,348389.3421,14853210.4
1593040000000,42.65,43,41.68,42.35,241972.0063,10274173.08
1592960000000,44.18,44.69,42.1,42.65,357937.9722,15461096.44
1592870000000,44.3,44.49,43.89,44.18,219437.961,9687570.399
1592780000000,43,44.67,42.94,44.3,281907.3974,12383199.91
1592700000000,43.57,43.83,42.88,43,159632.6785,6913195.771
1592610000000,42.89,43.85,42.21,43.57,202428.9463,8709765.121
1592520000000,43.43,43.73,42.57,42.89,304810.9754,13177549.13
1592440000000,44.07,44.23,42.88,43.43,193534.9894,8454598.742
1592350000000,43.9,45.04,43,44.07,324893.8614,14346683.24
1592270000000,43.73,44.22,43.33,43.88,215557.5907,9436824.369
1592180000000,44.04,44.09,41.75,43.73,355287.5402,15285580.75
1592090000000,45.09,45.11,43.53,44.05,170082.7403,7542598.777
1592010000000,44.72,45.22,44.27,45.08,151582.8052,6775955.931
1591920000000,43.22,45.36,42.81,44.72,236934.1859,10491354.2
1591830000000,46.63,46.96,42,43.22,538636.1598,24131180.6
1591750000000,45.89,47.19,45.65,46.63,319582.7302,14778921.71
1591660000000,46.45,46.84,45.31,45.87,219681.6354,10109968.7
1591570000000,46.6,46.79,45.95,46.43,220499.0699,10227376.44
1591490000000,46.79,46.98,45.06,46.63,306262.5415,14151417.9
1591400000000,46.8,47.24,46.07,46.79,226441.4476,10574728.46
1591320000000,47.43,47.98,46.42,46.83,400925.036,18974096.19
1591230000000,47.15,48.1,46.15,47.43,471692.4157,22364295.28
1591140000000,46.01,47.5,45.25,47.16,428190.8216,19934098.5
1591060000000,48.26,49.96,44,45.99,920374.0312,43606491.95
1590970000000,45.6,48.81,45.36,48.25,599583.6772,28169093.71
1590880000000,47.72,47.84,45.07,45.61,494076.1867,23046362.23
1590800000000,44.49,48.08,44.18,47.72,590070.5535,27463513.68
1590710000000,44.77,45.29,44.17,44.47,298721.5931,13357497.68
1590620000000,43.86,44.88,43.15,44.77,291358.4734,12814294.26
1590540000000,42.26,44.05,42.22,43.85,282807.4623,12241409.4
1590450000000,42.99,43.07,41.76,42.27,218690.0446,9289007.753
1590360000000,42.08,43.32,41.72,42.97,250914.5274,10724204.72
1590280000000,43.84,44.55,42.04,42.08,360333.2487,15692713.52
1590190000000,44.22,44.74,43.67,43.85,237539.1384,10485675.13
1590110000000,42.72,44.68,42.35,44.23,398405.5386,17376646.57
1590020000000,44.24,44.62,41.66,42.73,504821.8914,21790870.56
1589930000000,45.73,46.14,43.17,44.25,546255.006,24521814.48
1589850000000,45.33,45.8,44.07,45.73,375917.6523,16910574.09
1589760000000,43.7,46.59,43.64,45.32,694361.6025,31432563.38
1589670000000,43.25,44.49,43.1,43.71,344498.7251,15154204.15
1589590000000,42.73,43.89,42.5,43.25,435940.407,18877872.47
1589500000000,43.99,44.14,41.82,42.74,468836.2101,20206122.35
1589410000000,43.18,44.38,42.21,43.98,507436.3497,22075904.01
1589330000000,42.18,43.74,41.94,43.18,404524.2472,17315990.3
1589240000000,41.49,42.88,41.26,42.18,598291.64,25210189.42
1589160000000,42.05,42.9,39.37,41.51,955643.7081,39459230.38
1589070000000,46.97,47.04,39.4,42.06,1404081.175,58997967.79
1588980000000,47.7,49.1,46.75,46.95,656199.9985,31531059.6
1588900000000,47.37,48.43,46.34,47.69,631882.8104,30005956.29
1588810000000,44.92,48.22,44.37,47.37,796061.5993,37063053.89
1588720000000,46.56,47.55,44.55,44.94,466241.7279,21723146.91
1588640000000,46.97,47.76,45.71,46.54,415057.4376,19397806.1
1588550000000,48.07,48.2,45.11,46.96,693367.0109,32216489.94
1588460000000,49.2,50.02,46.61,48.05,566317.3808,27433863.02
1588380000000,47.08,49.6,46.73,49.2,408979.15,19681383.6
1588290000000,46.33,48.27,46.3,47.07,499757.9663,23637798.37
1588200000000,48.81,50.8,45.59,46.33,1404189.533,67399084.99
1588120000000,45.69,49.91,45.64,48.81,1198086.901,56983117.17
1588030000000,44.47,46.13,43.42,45.69,590012.523,26316522.28
1587950000000,44.54,45.23,43.16,44.46,443570.6603,19611892.42
1587860000000,44.38,45.39,43.75,44.52,485605.1559,21633052.17
1587770000000,44.52,45.58,43.84,44.38,555367.1872,24833710.35
1587690000000,42.98,44.99,42.83,44.53,623877.1769,27511434.97
1587600000000,41.81,43.91,40.94,42.98,639336.0531,27228427.41
1587510000000,40.59,42.32,40.27,41.8,463111.3268,19156266.67
1587430000000,40.21,41.34,40.01,40.59,346732.0849,14070441.02
1587340000000,42.23,43.24,39.55,40.21,543840.0568,22495305.86
1587250000000,44.16,44.3,41.54,42.23,456205.8125,19598464.25
1587170000000,42.2,44.43,41.98,44.14,497104.9427,21438290.76
1587080000000,42.52,43.01,41.61,42.19,407623.0459,17197450.74
1587000000000,39.24,43.78,37.91,42.53,913086.9777,37743900.84
1586910000000,41.19,41.75,39.08,39.22,460328.1631,18685153.46
1586820000000,41.2,41.85,40.47,41.22,420837.6883,17361900.53
1586740000000,41.99,41.99,39.52,41.22,744114.5131,30090872.09
1586650000000,42.54,43.58,41.83,42,499257.0326,21342178.13
1586560000000,42.28,43.16,41.43,42.54,382360.3213,16212942.58
1586480000000,46.19,46.39,40.86,42.25,785172.3313,33771322.36
1586390000000,46.52,46.86,44.69,46.21,401085.4796,18464427.84
1586300000000,44.79,47.2,44.27,46.55,500059.465,23044062.55
1586220000000,45.03,47.64,43.64,44.77,808081.8535,37013956.76
1586130000000,40.31,45.09,40.28,45.04,721562.2858,30935223.8
1586040000000,40.74,41,39.86,40.31,231112.9573,9362413.055
1585960000000,40.49,41.16,39.86,40.71,362602.2762,14665302.1
1585870000000,39.88,41.26,39.64,40.46,463368.1163,18748635.17
1585790000000,39.23,42.92,39,39.86,701573.7692,28237488.27
1585700000000,39.07,39.5,37.14,39.23,489850.0156,18778547.22
1585610000000,38.93,39.32,38.33,39.08,378426.9579,14723154.1
1585530000000,37.11,39.7,37.1,38.91,432738.2192,16715085.17
1585440000000,38.85,39.11,36.97,37.11,402076.3126,15295566.91
1585350000000,38.04,39.43,36.61,38.87,624312.4957,23604387.6
1585270000000,40.41,41.21,37.73,38.04,481643.2817,19173843.63
1585180000000,39.17,40.48,38.4,40.41,415595.2622,16307374.37
1585090000000,40.56,41.04,38.09,39.17,577448.8886,22783918.76
1585010000000,38.93,40.95,38.21,40.57,593656.7734,23511452.09
1584920000000,35.42,39.99,34.57,38.94,859942.5261,32311045.43
1584840000000,38.34,39.69,34.82,35.4,714342.7273,26556648.09
1584750000000,38.07,39.84,36.21,38.32,667452.634,25414755.14
1584660000000,38.9,43.69,34.05,38.08,1571300.609,62380455.89
1584580000000,34.72,40.8,34,38.9,1344406.502,50321916.07
1584490000000,34.06,34.83,32.28,34.71,1044607.757,35191685.57
1584400000000,33.23,35.85,32.42,34.07,945437.9314,32633674.46
1584320000000,36.37,36.41,29.29,33.2,1624714.376,52644643.38
1584230000000,34.4,38.73,34.04,36.38,1040322.303,37333342.64
1584140000000,37.51,37.65,33.8,34.4,1181175.592,42316336.6
1584060000000,29.83,39.92,24,37.52,3435572.209,113058309.5
1583970000000,48.52,48.76,28.65,29.83,2239777.98,80981795.23
1583880000000,50.24,50.74,45.47,48.53,799984.958,38538721.62
1583800000000,50.37,51.39,48.86,50.26,727732.9091,36535744.61
1583710000000,51.02,52.27,46.57,50.39,1426145.502,70420337.28
1583630000000,60.46,60.47,50.41,51,945026.2713,51958845.62
1583540000000,63.21,63.89,59.86,60.46,444270.5351,27655735.41
1583450000000,62.06,63.84,61.18,63.22,469519.2957,29325440.18
1583370000000,60.38,63.29,60.33,62.06,556909.0798,34487269.85
1583280000000,61.02,61.78,58.71,60.38,424299.8621,25604221.92
1583190000000,61.42,62.4,59.4,61.01,640940.7746,39002038.56
1583110000000,57.72,62.32,57.25,61.42,660927.2618,39608823.9
1583020000000,58.05,60.28,56.21,57.7,633924.9116,37024496.38
1582930000000,59.88,61.65,57.84,58.05,507036.8625,30231389.17
1582850000000,61.76,63.39,56.56,59.89,1070641.277,64057582.62
1582760000000,60.53,65.1,57.15,61.77,1110493.932,68225898.63
1582680000000,70.98,72.15,57.41,60.53,1523364.692,98294915.85
1582590000000,75.57,76.08,69.54,70.98,778054.9668,56572999.52
1582500000000,79.52,79.76,71.71,75.59,936157.2592,70787716.59
1582420000000,74.8,80,74.66,79.52,666132.6951,52092584.26
1582330000000,73.25,76.79,72.32,74.79,651449.7865,48795358.49
1582240000000,69.38,75.25,68.56,73.25,627123.8413,45527535.17
1582160000000,70.61,72.43,66.1,69.4,731293.2463,50797288.39
1582070000000,77.25,79.45,67,70.61,544027.8344,40495898.03
1581980000000,73.44,79.09,70,77.25,713680.2316,53060847.64
1581900000000,74.66,75.5,68.51,73.41,738054.4698,52679051.67
1581810000000,76.74,80.77,67.85,74.67,998173.2566,74384870.95
1581720000000,83.14,83.5,75.04,76.7,704650.1192,55784555.24
1581640000000,80.55,83.79,78.61,83.14,523491.6951,42705491.44
1581550000000,81.2,84.32,77.15,80.55,1051054.748,85042904.52
1581470000000,76.45,82.81,76.44,81.17,771544.8829,61428938.03
1581380000000,73.98,77.4,72.64,76.46,557017.2686,41776583.98
1581290000000,76.99,77.48,72.21,74.02,709830.6287,52756980.53
1581210000000,76.56,78.43,75,77,475670.6406,36581176.11
1581120000000,74.31,77.94,71.53,76.56,647821.604,48757951.46
1581030000000,73.59,75.48,72.85,74.3,542489.6618,40132351.25
1580950000000,72.59,75.08,70.91,73.6,715147.7614,52427941.76
1580860000000,68.04,73.47,67.62,72.59,646729.4888,46118158.32
1580770000000,69.65,70.5,66.62,68.07,487054.4254,33199657.27
1580690000000,69.93,73,68.45,69.65,689182.2486,48493966.04
1580600000000,70.72,73.5,67.66,69.93,818385.8921,57937576.89
1580520000000,68.02,73,67.62,70.72,952836.8964,67544318.69
1580430000000,68,70.1,65.37,68,938256.7835,63513691.46
1580340000000,59.81,70.22,58.24,67.98,1286322.997,83696612.67
1580260000000,60.54,62.56,59.4,59.8,570079.3636,34698879.1
1580170000000,58.55,61.61,57.28,60.52,720540.7455,42958185.64
1580080000000,56.29,59.65,55.87,58.55,504725.6771,29245084.45
1580000000000,53.26,56.68,52.8,56.24,348355.2649,19066690.28
1579910000000,54.41,54.41,51.9,53.25,282004.9268,15034806.24
1579820000000,54.52,55.41,50.64,54.38,550746.2142,29358272.1
1579740000000,58.33,58.4,52.42,54.52,464982.4303,25617022.98
1579650000000,57.6,59.33,57.18,58.33,218658.9548,12717189.46
1579560000000,57.19,58.09,55.91,57.57,216543.7238,12411702.39
1579480000000,57.59,58.29,55.84,57.19,262316.6726,14992782.88
1579390000000,59.29,62.55,55.34,57.6,530916.4086,31173786.79
1579310000000,61.05,62.5,57.9,59.32,498603.849,29980576.63
1579220000000,57.56,63.26,56.72,61.02,767514.5032,46255994.43
1579130000000,58.17,58.5,54.5,57.56,477991.2016,27095155.67
1579050000000,58.37,60.33,55.28,58.16,720369.6419,41857129.98
1578960000000,49.59,60.8,49.58,58.39,1232536.354,68826521.76
1578870000000,51.44,51.6,48.91,49.6,382092.9557,19087715.15
1578790000000,49.32,51.75,48.78,51.43,533583.4581,26990269.8
1578700000000,49.06,51.95,47.77,49.3,681984.4665,33981679.44
1578610000000,44.75,49.72,43.71,49.06,729803.1229,34640199.75
1578530000000,45.35,45.79,43.9,44.74,296221.6569,13283092.26
1578440000000,46.3,48.54,44,45.35,628050.6844,29193086.86
1578360000000,45.8,47.03,44.48,46.3,493847.1053,22589565.78
1578270000000,43.29,46.08,43.16,45.8,384930.9909,17201996.63
1578180000000,42.79,44.61,42.6,43.3,291964.8496,12684292.66
1578100000000,42.23,42.9,41.77,42.78,248814.6282,10536131.94
1578010000000,39.44,42.39,38.77,42.23,426771.0068,17556942.02
1577920000000,41.58,41.74,39.17,39.43,194486.2157,7837031.556
1577840000000,41.29,42.08,41.16,41.62,110044.8745,4588192.885
1577750000000,42.36,43.05,41,41.3,201549.7414,8450325.325
1577660000000,43.07,44.18,41.82,42.38,298595.4637,12800752.85
1577580000000,42.84,43.76,42.14,43.08,337087.7687,14473143.46
1577490000000,40.96,43.76,40.91,42.83,284295.333,12068166.86
1577400000000,39.99,41.5,39.67,40.95,219242.8363,8903088.988
1577320000000,40.11,41.73,39.58,40.01,198471.3519,8031017.763
1577230000000,40.33,40.48,39.38,40.08,136397.5824,5454518.425
1577150000000,40.56,41.13,39.68,40.34,211802.5849,8565123.804
1577060000000,41.84,42.67,40.21,40.56,288871.4672,12041679.12
1576970000000,39.67,42.16,39.62,41.82,208763.3009,8592483.955
1576890000000,40.15,40.22,39.41,39.67,91777.0964,3651414.491
1576800000000,39.66,40.41,39.25,40.17,151508.4765,6050598.732
1576710000000,40.79,41.1,39.06,39.65,240386.3148,9577045.424
1576630000000,36.94,41.71,35.78,40.79,668186.5058,25716885.43
1576540000000,39.98,40.13,36.1,36.92,648918.3886,24820514.28
1576450000000,43.46,43.56,39.02,39.99,396847.0716,16244725.11
1576370000000,43.28,44.04,42.9,43.44,105010.1587,4563418.487
1576280000000,44.44,44.67,43.19,43.25,121589.2179,5323519.622
1576200000000,43.65,44.55,43.43,44.44,127935.7957,5621054.011
1576110000000,43.7,44.11,42.84,43.65,169652.1602,7380545.62
1576020000000,44.07,44.46,43.27,43.7,134280.007,5891144.239
1575940000000,44.45,44.67,43.6,44.09,151332.9848,6686909.39
1575850000000,45.55,45.87,44.04,44.45,219794.2475,9893759.721
1575760000000,45.14,46.2,44.81,45.56,131675.5867,5985309.347
1575680000000,45.26,46.5,44.94,45.15,195130.203,8895004.036
1575590000000,44.78,45.5,44.05,45.28,273507.6756,12251452.25
1575500000000,44.64,45.21,43.7,44.81,444840.8983,19798104.18
1575420000000,44.76,46.98,43.69,44.67,555313.5275,25067891.81
1575330000000,45.44,46.22,44.26,44.75,323943.4612,14690325.26
1575240000000,47.45,47.57,44.71,45.45,302502.052,13883607.7
1575160000000,47.21,48.45,45.5,47.45,313486.3218,14677016.94
1575070000000,48.55,48.76,46.53,47.21,270874.5681,12935751.22
1574990000000,46.78,49.33,46.73,48.54,301668.5664,14538397.07
1574900000000,47.69,48,46.01,46.79,267853.2411,12673681.76
1574810000000,46.91,48.69,44.51,47.7,455880.8752,21293926.39
1574730000000,45.48,47.57,45.22,46.91,310692.2824,14415831.26
1574640000000,43.87,47.42,42.04,45.47,571324.2176,25692967.87
1574550000000,48.11,48.24,43.45,43.86,419517.5285,19189967.87
1574470000000,47.32,48.53,46.13,48.1,301729.2089,14284224.63
1574380000000,50.61,51.55,43.58,47.32,924579.3262,43972840.34
1574290000000,54.99,55.29,48.51,50.61,442743.2638,22956914.14
1574210000000,55.13,56.16,54.61,54.98,224543.3721,12409649.7
1574120000000,55.8,56.23,54.2,55.13,245040.3912,13537640.6
1574040000000,59.21,59.3,54,55.81,297441.7794,16889540.76
1573950000000,58.29,59.97,57.55,59.22,190026.9712,11231813.57
1573860000000,57.61,58.98,57.14,58.3,135649.0746,7869798.749
1573780000000,59,60.75,56.2,57.6,333621.3449,19466114.18
1573690000000,60.96,61.1,58.25,59,289462.2405,17199630.3
1573600000000,61.45,62.05,60.27,60.96,175581.9555,10721665.63
1573520000000,61.84,62.25,59.75,61.42,299770.7716,18364928.41
1573430000000,63.65,64.33,60.47,61.84,409179.592,25483714.42
1573340000000,62.04,66.19,60.8,63.65,437892.9967,27791092.93
1573260000000,60.36,62.37,60.17,62.04,196430.9664,12033723.07
1573170000000,61.4,62.49,58.93,60.38,347351.9374,21069094.56
1573080000000,64.11,64.33,60.27,61.39,327504.1707,20341773.35
1573000000000,63.13,64.33,62.56,64.11,334742.1433,21184873.26
1572910000000,61.26,64.15,60.89,63.12,527595.7783,33018350.53
1572830000000,58.29,62.4,57.87,61.29,410380.7655,24885022.4
1572740000000,58.24,58.75,57.18,58.29,141302.6631,8187021.026
1572650000000,58.24,59.19,57.73,58.25,150647.4393,8791009.202
1572570000000,58.29,58.8,56.68,58.23,221222.3294,12800948.22
1572480000000,57.9,59.56,57.01,58.29,269103.3362,15704328.22
1572390000000,59.76,61.05,56.88,57.89,341531.2852,20067287.16
1572310000000,57.7,60.75,57.65,59.75,401424.2391,23880814.29
1572220000000,59.79,62.47,57.4,57.7,540004.6972,31899759.57
1572130000000,56.69,62.85,55.59,59.78,661079.7527,39184044.86
1572050000000,56.94,63.37,54.14,56.71,1041416.049,60212455.06
1571960000000,49.55,58.7,49.01,56.93,761473.6148,41420745.68
1571880000000,49.48,50.32,48.3,49.54,308330.522,15231954.37
1571790000000,53.38,53.44,47.1,49.5,509593.2647,25426831.23
1571700000000,54.57,55.09,52.97,53.39,159956.4984,8683674.601
1571620000000,54.85,55.74,53.67,54.57,208464.1933,11371435.94
1571530000000,53.72,55.46,52.58,54.85,208172.7019,11213347.34
1571440000000,53.21,54.16,52.54,53.72,152610.0084,8152648.19
1571360000000,54.95,55.01,52.19,53.21,213517.3901,11396652.49
1571270000000,52.45,55.22,51.57,54.94,238776.4036,12771309.09
1571180000000,54.57,55.39,51,52.45,299556.4011,15877658.6
1571100000000,56.83,57.39,53.4,54.58,332451.2139,18373352.24
1571010000000,56.44,57.1,55.94,56.83,133434.1404,7558734.904
1570920000000,55.71,57.69,55.47,56.46,157772.3879,8939980.189
1570840000000,55.85,56.5,55.41,55.7,101685.8447,5692945.961
1570750000000,57.48,58.42,55.33,55.85,266818.0674,15066092.23
1570670000000,59.1,59.33,57,57.47,215031.2939,12487446.42
1570580000000,56.92,60.06,56.6,59.12,344098.9067,20109296.34
1570490000000,57.46,58.45,56.47,56.94,184201.7964,10559404.66
1570410000000,54.42,58.65,53.25,57.46,314689.405,17738640.59
1570320000000,56.69,56.8,52.73,54.41,259829.3756,14302889.32
1570230000000,56.3,57.4,55.57,56.69,177602.1006,10003772.61
1570150000000,56.45,57.5,55.22,56.3,247275.4532,13995320.7
1570060000000,56.28,57.07,53.62,56.44,253310.6072,14061349.43
1569970000000,55.59,56.66,55.13,56.23,215424.3846,12034864.98
1569890000000,56.01,57.6,54.82,55.63,333581.1569,18705039.8
1569800000000,53.84,56.25,52.46,55.99,369529.6879,20182788.06
1569720000000,55.38,55.58,52.13,53.82,227546.4011,12197410.17
1569630000000,55.86,56.16,53.67,55.37,258783.3952,14274176.84
1569540000000,55.17,56.61,52.61,55.86,390379.8737,21349989.05
1569460000000,57.48,57.56,50.3,55.19,630061.9075,34400819.97
1569370000000,54.57,58.34,52.84,57.43,781318.2651,43535732.16
1569280000000,66.54,67.42,54.07,54.57,987995.2338,60140536.54
1569200000000,72.26,74.24,61.88,66.54,527501.7912,36517883.79
1569110000000,73.2,73.22,71.03,72.23,219392.1586,15823511.84
1569020000000,75.06,75.58,72.06,73.22,211641.792,15603395.97
1568940000000,76.56,77.08,72.78,75.05,286151.4773,21475382.84
1568850000000,77.77,80.9,72.62,76.56,516227.1249,38833965.37
1568760000000,74.06,80.3,73.98,77.81,463500.7271,35716016.27
1568680000000,72.67,77.59,72.15,74.04,331820.8469,24574442.89
1568590000000,70.04,73.67,69.36,72.63,267731.5817,19101962.98
1568510000000,70.49,71.28,69.5,70.04,123157.5878,8653254.987
1568420000000,68.93,71.5,68.2,70.5,179064.8702,12520755.78
1568330000000,69.18,69.58,67.36,68.93,156416.2924,10722817.41
1568250000000,69.8,70,68.3,69.15,135570.0889,9369849.094
1568160000000,70.85,71.81,68.25,69.8,208744.3415,14621909.77
1568070000000,69.86,73.1,69.77,70.85,315598.3371,22476093.85
1567990000000,70.36,71.38,67.73,69.89,229275.2666,15939720.85
1567900000000,68.77,71.46,68,70.36,315059.9283,22060121.02
1567810000000,64.88,70.57,64.53,68.77,305501.4772,20816429.34
1567730000000,65.24,68,63.54,64.87,278618.1643,18378132.73
1567640000000,67.02,67.39,64.14,65.23,166569.3618,10917424.28
1567560000000,69,69.24,66.4,67.01,219846.1354,14865189.89
1567470000000,66.92,71,66.47,69.06,286130.4796,19629532.35
1567380000000,65.85,68.03,64.8,66.92,210648.6609,13961846.03
1567300000000,64.23,67.21,63.74,65.89,160452.8576,10479308.76
1567210000000,64.18,65.39,62.25,64.24,148167.1588,9443772.205
1567120000000,63.55,65.6,62.16,64.17,188503.1443,12025139.09
1567040000000,66.73,66.77,62,63.59,206167.4786,13330132.47
1566950000000,72.88,73.14,65,66.73,295837.6773,20294112.37
1566860000000,73.59,73.75,72.13,72.9,92746.01751,6757231.102
1566780000000,72.12,75.46,72.09,73.54,186459.7251,13805533.13
1566690000000,73.32,74.93,70.56,72.1,143368.0788,10408156.41
1566600000000,75.37,75.65,71.39,73.32,119841.8672,8767152.954
1566520000000,73.38,75.92,72.1,75.38,138535.9005,10276202.44
1566430000000,73.18,74.64,71,73.31,159575.0856,11682713.56
1566350000000,75.13,75.33,70.14,73.27,188740.4871,13704139.36
1566260000000,77.1,77.3,73.31,75.14,130580.7691,9832675.851
1566170000000,76.31,78.95,75.36,77.1,176507.94,13616902.89
1566090000000,72.64,78,71.4,76.25,171800.8525,12945827.78
1566000000000,74.63,75.35,71.5,72.65,131039.8443,9606659.801
1565910000000,76.24,76.42,72.34,74.67,186709.0273,13900659.42
1565830000000,75.91,77.7,74.36,76.25,157703.3211,12030480.75
1565740000000,84.83,86.32,75,75.9,310895.4105,24988277.13
1565650000000,85.79,86.79,83.26,84.88,166783.8096,14166418.16
1565570000000,89.99,90.04,85.45,85.79,147573.8793,12841667.21
1565480000000,85.46,91.57,85.15,89.93,196951.4023,17439833.99
1565400000000,84.25,87.5,82.27,85.46,243663.591,20738077.44
1565310000000,90.08,90.45,82.64,84.24,245919.9803,21161127.88
1565220000000,90.59,92.75,87.72,90.15,227275.8501,20426334.74
1565140000000,93.05,94.45,87.36,90.59,298275.7561,27205898.74
1565050000000,96.56,99.32,91,92.99,370218.4967,35230611.39
1564960000000,92.68,106.77,92.68,96.56,708024.7331,70031157.19
1564880000000,94.15,94.8,90.11,92.64,210063.3443,19411525.59
1564790000000,94.8,96.7,93.51,94.17,187442.2664,17836682.37
1564700000000,98.62,98.77,92.52,94.76,284902.0267,27331986.48
1564620000000,98.77,100.59,95.23,98.64,256621.8003,25131509.02
1564530000000,90.12,99.95,89.81,98.76,280442.0191,26802062.26
1564440000000,90.33,92.71,88.5,90.15,166817.9333,15087913.97
1564360000000,90,92.26,87.48,90.33,233655.4407,21072179.11
1564270000000,88.83,90.9,83.13,90,201075.7721,17720374.43
1564190000000,94.01,96.09,86.67,88.79,250915.2499,22687995.29
1564100000000,93.23,94.52,89.83,94.06,169220.3203,15659054.23
1564010000000,94.43,96.67,91.06,93.22,228403.4838,21524096.42
1563930000000,90.1,97.45,86.8,94.5,355813.0883,32641378.14
1563840000000,95.31,95.35,88.62,90.15,264516.2157,24185689.35
1563750000000,99.74,100.91,91.14,95.31,318533.9601,30372489.13
1563670000000,100.26,101.41,96.4,99.7,247121.4314,24377591.97
1563580000000,98.25,105.88,97.42,100.25,355926.0234,35977421.6
1563490000000,101.15,101.26,94.73,98.23,366646.2398,35784995.42
1563410000000,89.98,104.5,86.87,101.16,609872.1013,58346175.14
1563320000000,79.62,94.65,71,89.95,611125.0826,53125198.93
1563240000000,90.43,91.91,76.6,79.61,483565.9321,40186396.04
1563150000000,89.67,92.99,84.6,90.43,382169.248,34028842.92
1563060000000,101.06,101.9,87.58,89.66,429594.9695,39918729.83
1562980000000,104.86,105.03,97.64,101.03,229252.9613,23255998.91
1562890000000,103,107.02,100.65,104.86,204977.5243,21385292.18
1562800000000,108.29,108.33,95.21,102.98,566917.4067,57565136.85
1562720000000,119.23,120.13,102.5,108.31,507821.3086,55824246.26
1562630000000,122.92,124.08,117.64,119.24,233440.1204,28157784.58
1562540000000,119.48,125.07,117.77,122.92,219116.9219,26320498.86
1562460000000,118.28,120.35,117,119.48,142378.6143,16885095.36
1562370000000,118.29,121.8,117.06,118.31,153816.698,18323759.27
1562280000000,119.64,120.99,116.22,118.35,223608.7126,26574015.85
1562200000000,121.34,127.03,118.51,119.61,375062.7427,45922151.58
1562110000000,118.74,123.15,116.78,121.36,365008.0675,43803309.44
1562030000000,123.16,124,112.63,118.77,469582.087,55049525.44
1561940000000,123.22,127.03,113.82,123.17,612063.2592,74028859.44
1561850000000,133.88,137.44,120.54,123.25,808645.4478,105468144.6
1561770000000,119.99,137,116,133.86,650966.5278,82947506.01
1561680000000,116.02,122.19,114.49,120.01,455587.9646,53924815.98
1561590000000,132.24,133.5,111.82,116.01,932158.0369,111595940.2
1561510000000,136.32,138.5,127.5,132.25,659208.4548,88988518.12
1561420000000,135.78,138.63,129.75,136.33,343042.3183,46185009.3
1561330000000,137.5,137.52,132.65,135.77,269137.0896,36393377.84
1561250000000,142.2,143.34,136.15,137.5,273142.6617,38332851.56
1561160000000,138.3,145.9,136.01,142.26,670112.1941,94685540.91
1561080000000,135.45,141.29,131,138.28,392390.9775,53951692.11
1560990000000,136.41,136.75,133,135.46,236819.6141,31945265.27
1560900000000,135.25,139.5,133.5,136.43,373850.883,51215678.89
1560820000000,133.8,136.84,128,135.22,400995.8315,53298085.83
1560730000000,136.42,136.82,131.53,133.8,302485.501,40632294.86
1560640000000,137.51,138.2,133.15,136.45,392560.1049,53270945.6
1560560000000,132.03,139.5,132.01,137.54,389908.3762,52916731.48
1560470000000,130.55,133.03,125.22,132,460272.6279,59616359.31
1560380000000,135.32,136.52,127.92,130.55,477007.3052,63425735.66
1560300000000,135.79,143.19,129.86,135.32,1015972.929,139662839.6
1560210000000,129.19,138.56,124.85,135.69,836034.9735,109260631
1560120000000,114.66,130.12,112.54,129.15,793211.2233,97867984.49
1560040000000,118.01,118.94,111.02,114.66,425246.3675,48979996.56
1559950000000,116.74,119.7,113.5,118.01,454621.7537,52877380.64
1559870000000,111.25,121,109.53,116.71,619792.4898,71559713.26
1559780000000,103.61,112.07,101,111.19,488905.2159,51485265.63
1559690000000,102.2,105.21,100.11,103.66,379894.4448,39022877.26
1559610000000,105.94,106.8,98.13,102.2,673951.1415,69303243.31
1559520000000,114.44,116.2,105.01,105.99,441610.7846,49245349.2
1559430000000,112.34,116.48,111.25,114.39,234192.233,26740364.2
1559350000000,114.65,116.28,110.51,112.35,318759.8404,36157772.31
1559260000000,107.78,114.93,104.55,114.6,487341.728,53042097.01
1559170000000,115.03,120.35,102.4,107.78,708618.8245,80058168
1559090000000,114.87,118.33,108,115.06,359489.098,41060611.96
1559000000000,116.41,118.22,111.08,114.81,399902.254,45797915.3
1558920000000,111.03,121.89,109.94,116.3,873684.8985,99764291.85
1558830000000,102.66,114,97.5,111,658431.9114,68920626.42
1558740000000,100.5,105.07,98.87,102.66,519802.9895,53062963.83
1558660000000,88.67,103.77,88.01,100.5,832985.1613,81794059.98
1558570000000,87.74,89.53,84.62,88.61,208332.2953,18146600.07
1558480000000,90.77,92.04,85.83,87.74,308520.2911,27641752.05
1558400000000,91.1,93.02,88.83,90.79,335538.2331,30483197.13
1558310000000,94.55,94.58,87.11,91.1,447735.7162,40656121.44
1558220000000,86.55,96.81,86.07,94.58,584649.5176,54045051.62
1558140000000,89.76,90.51,85.11,86.51,380542.143,33352370.45
1558050000000,95.49,97.48,84.27,89.76,914179.2255,80856683.96
1557960000000,102.03,107.14,90.73,95.49,1179885.108,116020063.8
1557880000000,91.15,104.25,89.69,102.02,673429.9261,66429508.18
1557790000000,87.34,93.61,86.5,91.17,644139.0647,58186818.86
1557710000000,84.71,92.49,84.1,87.16,627311.3557,55391993.13
1557620000000,86.59,94.01,83,84.73,797262.8597,69998434.02
1557530000000,77.12,95,76.85,86.59,909602.1269,78091222.11
1557450000000,74.18,79.61,72.66,77.11,422915.9252,32199715.14
1557360000000,74.44,75.9,72.77,74.19,240477.4367,17829294.36
1557270000000,74.59,75.5,72.4,74.44,206081.7855,15267753.66
1557190000000,74.95,78.75,73.4,74.61,357677.928,27275279.86
1557100000000,75.7,76.91,71.64,74.94,389445.4804,28863797.89
1557010000000,77.73,78.16,75.4,75.7,236821.3125,18139200.76
1556930000000,79.26,82.76,74.54,77.77,457004.0148,35750061.71
1556840000000,73.65,80.58,73.31,79.22,538448.4052,41683556.41
1556760000000,73.35,74.42,72.73,73.68,289626.4537,21306943.8
1556670000000,74.31,75.36,71.78,73.36,273831.0477,20098972.5
1556580000000,67.86,74.74,67.86,74.32,354469.1354,25357609
1556500000000,69.89,70.37,66.5,67.87,203603.186,13896456.97
1556410000000,72.24,72.72,68.95,69.89,218635.5896,15458571.18
1556320000000,73.83,74.01,71.83,72.23,102336.9822,7467848.376
1556240000000,71.79,76.5,70.31,73.82,345014.8768,25320328.55
1556150000000,72.85,74.43,70.6,71.78,307408.7039,22353656.72
1556060000000,73.67,74.69,69.9,72.85,466422.9092,33586009.25
1555980000000,76.47,79.29,73.33,73.7,408341.2266,31534100.59
1555890000000,76.61,77.63,74.9,76.51,285737.8389,21814764.75
1555800000000,81.16,81.85,72.86,76.65,405449.3565,30882393.82
1555720000000,82.05,82.69,79.33,81.15,209481.5476,17009020.01
1555630000000,81.67,83.17,79.48,82.05,265365.4938,21606124.75
1555550000000,78.82,83.66,78.74,81.68,328509.7704,26614059.49
1555460000000,80.27,81.5,78,78.77,232336.8106,18452843.59
1555370000000,78.06,81.49,76.88,80.27,295134.1773,23370026.86
1555290000000,83.31,84.41,75,78.07,437925.6545,35039724.54
1555200000000,77.58,83.6,76.09,83.28,242418.413,19179352.73
1555110000000,78.43,81.02,75.51,77.62,276710.7109,21674683.21
1555030000000,78.9,80.43,75,78.47,351092.1192,27388660.73
1554940000000,88.16,88.45,74.64,78.88,663804.985,52734752.57
1554850000000,86.19,91.1,85.91,88.16,315727.2368,27802373.27
1554770000000,88.57,88.71,82.61,86.17,317748.7852,27340412.18
1554680000000,91.55,94,85.2,88.57,439909.3384,39092277.75
1554600000000,92.23,95.44,88.74,91.55,404878.1343,37409101.16
1554510000000,88.24,97.54,85,92.21,706789.2346,65322880.09
1554420000000,84.71,89.85,83.65,88.24,366668.9956,31984491.38
1554340000000,85.02,89.85,79.85,84.7,775702.6722,66127061.92
1554250000000,76.76,98.5,76.24,85.19,1514710.293,130062156.1
1554160000000,60.45,78.4,59.95,76.78,805505.1658,55327330.19
1554080000000,60.47,60.9,59.62,60.45,129238.6612,7810478.445
1553990000000,60.45,60.72,59.83,60.48,120015.8601,7234304.25
1553900000000,61.41,61.56,59.59,60.45,161304.2613,9780439.5
1553820000000,60.48,61.8,60.15,61.45,200422.3454,12200871.34
1553730000000,61.43,61.43,60.15,60.5,160785.5462,9744151.847
1553640000000,58.81,61.87,58.58,61.44,260971.7306,15803472.95
1553560000000,59.06,59.35,57.23,58.79,175752.0093,10247903.1
1553470000000,59.81,60.7,58.2,59.04,216703.6697,12846830.32
1553390000000,60.88,60.9,58.84,59.82,360926.1571,21566309.64
1553300000000,59.23,61.76,58.93,60.89,372961.5478,22578010.57
1553210000000,58.54,59.6,58,59.26,184427.3359,10869615.67
1553130000000,60.29,60.64,56.98,58.54,164946.6054,9725257.74
1553040000000,59.5,60.74,56.64,60.27,285413.7934,16953291.84
1552950000000,59.2,59.96,58.33,59.52,221995.5983,13162394.44
1552870000000,60.47,62.63,58.2,59.17,301146.214,18071146.49
1552780000000,61.22,61.32,59.57,60.47,174833.3191,10590199.96
1552690000000,58.52,61.97,58.41,61.21,375314.7927,22846386.03
1552610000000,55.94,59.15,55.94,58.52,295307.7768,17013433.64
1552520000000,55.29,58.2,51.66,55.94,333686.3963,18559101.37
1552440000000,56.6,56.84,54.3,55.29,234206.3592,13044765.61
1552350000000,54.82,56.96,53.72,56.58,186798.9733,10473627.53
1552260000000,56.63,57.37,54,54.82,319640.8436,17619148.08
1552180000000,57.78,58.04,55.84,56.59,198932.2373,11276533.68
1552090000000,55.58,59.83,55.38,57.78,413625.1044,23841397.79
1552000000000,56.73,57.6,54.3,55.61,440480.659,24793142.89
1551920000000,55.37,59.12,53.77,56.73,816612.7705,46227699.94
1551830000000,52.52,56.81,51.11,55.37,670227.494,36366973.29
1551740000000,45.78,54.25,45.38,52.52,798938.1037,40660412.22
1551660000000,47.87,48.22,44.57,45.78,306985.2798,14131761.5
1551570000000,48.51,49.1,47.18,47.86,218511.994,10525909.31
1551480000000,47.02,49.4,46.38,48.49,325733.9474,15618945.78
1551400000000,45.62,48.95,45.53,47.05,336011.9229,15914635.48
1551310000000,45.15,46.7,44.44,45.61,258562.9678,11834468.51
1551230000000,44.77,45.53,42.51,45.16,223940.9451,9964616.987
1551140000000,45.4,45.89,44.06,44.76,220101.5549,9886505.231
1551050000000,43.74,46.85,43,45.4,377273.1728,16992487.31
1550970000000,51.39,53.53,42.37,43.75,685277.0161,32440229.7
1550880000000,49.22,51.88,48,51.4,411115.3383,20597303.04
1550790000000,48.93,49.97,48.08,49.19,265979.4349,13079846.88
1550710000000,51.47,51.65,47.35,48.94,383781.9003,18972966.87
1550620000000,47.16,52.21,46.25,51.5,566874.1207,28402239.42
1550530000000,47.81,49.1,46.56,47.14,404786.7578,19350985.32
1550450000000,43.89,49.03,43.62,47.84,744029.8712,34349598.98
1550360000000,43.34,45.13,42.6,43.91,331698.796,14459368.84
1550280000000,42.6,44.37,42.28,43.34,326691.7079,14225774.12
1550190000000,41.26,44.6,41.06,42.58,389950.9521,16519445.99
1550100000000,41.61,42.45,40.31,41.26,285144.9374,11825040.19
1550020000000,43.89,44.66,40.64,41.61,333914.8433,14169773.7
1549930000000,42.88,44.57,41.84,43.89,326731.558,14181167.73
1549840000000,46.8,46.87,41.81,42.9,570398.4899,25000654.72
1549760000000,44.68,47.59,42,46.79,667594.4623,30084786.22
1549670000000,42.99,46.95,42.05,44.68,993529.3585,43845377.36
1549580000000,33.23,44.85,32.75,42.99,1237384.07,48819159.69
1549500000000,32.78,33.61,32.73,33.24,144528.0808,4798854.818
1549410000000,34.35,34.5,32.25,32.79,312456.542,10273847.96
1549320000000,34.08,34.54,33.63,34.34,214319.3424,7321284.881
1549240000000,33.43,34.5,33.36,34.09,206649.669,7014206.268
1549150000000,34.59,34.89,32.86,33.44,348406.7322,11802330.61
1549070000000,32.61,35.01,32.44,34.59,268052.5235,8939273.974
1548980000000,31.43,33.64,30.7,32.65,335544.9645,10864529.59
1548890000000,31.68,32.33,31.08,31.41,154708.1743,4881672.957
1548810000000,30.8,31.97,30.47,31.68,129114.9971,4046024.372
1548720000000,30.94,31.26,29.91,30.81,135879.8588,4168438.656
1548630000000,32.22,32.53,30,30.94,267887.6294,8275485.972
1548550000000,32.79,33.2,31.05,32.21,173697.82,5628213.32
1548460000000,32.68,33.95,32.57,32.8,166677.4281,5537195.889
1548370000000,32.52,33,31.87,32.69,169242.5338,5485967.929
1548290000000,31.69,33.1,30.89,32.51,138812.1622,4453091.295
1548200000000,31.4,32.18,31.24,31.69,123577.2723,3920165.802
1548120000000,30.82,32,29.48,31.41,199887.1626,6183272.81
1548030000000,30.63,31.22,30.34,30.82,110305.7587,3392716.054
1547940000000,31.94,33.2,28.45,30.64,249450.0041,7815412.73
1547860000000,30.78,32.92,30.77,32,164989.6367,5273505.545
1547770000000,31.38,31.53,30.31,30.77,150711.3444,4659547.386
1547680000000,31.29,31.55,29.8,31.4,203218.0029,6238519.893
1547600000000,30.74,31.93,30.47,31.29,153939.5962,4789334.142
1547510000000,31.72,32.27,29.95,30.75,216841.8609,6784015.424
1547420000000,29.6,32.5,29.38,31.71,255282.358,7925720.274
1547340000000,31.65,32.63,29.12,29.59,229264.1193,7075842.071
1547250000000,31.48,32.13,31.07,31.65,178476.2872,5640569.246
1547160000000,32.81,33.22,29.68,31.49,351182.3817,11268415.52
1547080000000,38.17,38.77,31,32.81,584622.4539,19980421.47
1546990000000,38.7,39.72,38,38.17,312030.1302,12104357.44
1546910000000,37.35,40.8,36.91,38.7,522510.1714,20322945.33
1546820000000,38.29,39.04,36.53,37.35,444975.9243,16797767.66
1546730000000,34.33,39.71,33.89,38.3,761396.1068,28298586.9
1546650000000,31.76,35.95,31.76,34.33,335581.5585,11471296.97
1546560000000,31.41,32.53,30.78,31.76,108636.8219,3437486.385
1546470000000,32.68,32.8,30.62,31.39,94129.85114,2982980.225
1546390000000,31.47,33.29,31.07,32.67,118306.2332,3805773.12
1546300000000,29.92,31.8,29.56,31.48,103182.7377,3162741.447
1546210000000,31.38,31.43,29.42,29.9,97446.11241,2959940.344
1546130000000,30.28,32,29.68,31.38,151572.9305,4696122.032
1546040000000,31.78,32.81,29.91,30.28,222196.857,6994333.208
1545960000000,27.55,33.08,27.39,31.8,242123.8975,7428412.822
1545870000000,30.27,30.89,27.17,27.55,157817.2261,4528463.301
1545780000000,30.5,31.68,28.79,30.3,174048.0414,5242464.483
1545700000000,32.69,32.93,29.19,30.5,248993.5556,7586691.277
1545610000000,32.98,36.12,32.17,32.68,305504.745,10561724.77
1545520000000,31.29,33.84,31.09,32.97,255561.7289,8317118.225
1545440000000,30.29,31.49,29.7,31.33,106033.3358,3234572.769
1545350000000,32.18,32.87,29.55,30.29,222927.6635,6941800.34
1545260000000,28.83,32.76,28.52,32.18,347428.5019,10702281.66
1545180000000,29.89,31.55,28.51,28.83,464104.8813,13967868.69
1545090000000,28.97,30.15,27.39,29.89,241540.2199,6940548.103
1545000000000,25.51,30.3,25.43,28.95,415677.5501,11734862.36
1544920000000,23.59,26.96,23.48,25.52,284638.3664,7367653.618
1544830000000,23.33,24.06,23.09,23.6,114346.7365,2696112.201
1544750000000,23.06,23.76,22.5,23.34,115451.1936,2669993.897
1544660000000,24.13,24.29,22.91,23.08,101343.2455,2391795.155
1544570000000,23.4,24.98,23.2,24.13,116697.0162,2839522.325
1544490000000,24.15,24.63,22.94,23.41,116912.3107,2774102.489
1544400000000,25.37,25.82,23.67,24.14,159523.3339,3913245.956
1544310000000,24.23,26.75,24.2,25.37,185392.2777,4728009.305
1544230000000,24.88,26.63,22.89,24.22,272026.2401,6669827.459
1544140000000,26.74,26.94,22.32,24.91,344334.7713,8550497.227
1544050000000,29.28,30.49,26.25,26.78,186020.5287,5318278.715
1543970000000,31.14,31.4,29.15,29.27,122536.9592,3686632.366
1543880000000,30.92,32.25,29.87,31.13,125624.1007,3938334.446
1543800000000,33.81,33.97,30.08,30.9,160953.4762,5107201.119
1543710000000,34.11,35.24,33.21,33.82,126562.5131,4314174.841
1543620000000,32.19,35.1,31.38,34.17,130601.1753,4373049.652
1543540000000,33.9,34.53,31.07,32.21,182324.5556,5934596.4
1543450000000,34.74,36,33.08,33.88,206424.0394,7091338.889
1543360000000,31.62,36.51,31.39,34.74,261988.5621,8934592.456
1543280000000,30.18,32.16,29.05,31.61,194024.5309,5911546.984
1543190000000,31.51,32.88,28.66,30.18,346086.7724,10650119.32
1543100000000,29.72,32.93,27.7,31.49,330712.4128,9875455.027
1543020000000,32.74,34.3,29.07,29.73,175080.6502,5486899.364
1542930000000,32.09,33.81,31.1,32.74,178263.376,5763152.709
1542840000000,35.17,35.68,31.84,32.11,140470.9297,4791952.849
1542760000000,33.71,35.38,32.17,35.15,307689.2861,10447986.73
1542670000000,37.11,38.8,31.47,33.8,481972.2055,16734732.4
1542590000000,42.63,42.65,35.94,37.07,266627.8181,10193547.65
1542500000000,42.46,43.84,42.11,42.61,69727.51818,2991350.225
1542410000000,42.89,42.94,41.92,42.43,64923.26975,2748488.284
1542330000000,44.78,44.95,42.38,42.89,126959.9343,5526205.67
1542240000000,45.05,45.8,40.4,44.78,239147.1436,10442471.63
1542150000000,50.41,51.08,42,45.05,307943.6723,13948978.89
1542070000000,51.26,51.66,49.6,50.43,63966.88343,3255168.88
1541980000000,51.5,52.04,50.59,51.26,60038.96458,3075503.923
1541890000000,52.47,52.57,49.79,51.46,66550.49463,3407022.153
1541810000000,52.28,53.08,51.97,52.48,37947.99062,1994759.267
1541720000000,52.7,53.15,51.62,52.25,54807.00008,2873957.532
1541640000000,54.49,55.12,52.42,52.72,71785.25117,3845880.294
1541550000000,56.44,56.92,53.52,54.47,96697.10571,5343582.699
1541460000000,53.93,56.88,53.87,56.48,82733.19375,4543573.247
1541380000000,54.6,55.15,53.01,53.91,71425.68187,3841003.072
1541290000000,51.09,56.33,50.77,54.6,131563.2191,7106100.76
1541200000000,51.78,51.81,50.6,51.04,44526.44126,2280110.509
1541120000000,50.63,52.2,50.56,51.78,55439.54227,2853112.59
1541030000000,49.94,50.85,49.78,50.61,40743.54904,2044481.628
1540940000000,49.35,50.71,47.71,49.93,59069.9364,2926931.182
1540860000000,49.16,49.96,49.02,49.34,41869.78433,2069910.691
1540770000000,52.1,52.26,48.17,49.21,93056.55633,4660386.867
1540680000000,52.25,52.66,51.7,52.07,35288.39702,1838724.386
1540600000000,52.6,53.08,51.72,52.25,39585.13085,2075854.626
1540510000000,52.81,53.55,52.23,52.56,49669.65386,2623371.252
1540430000000,53.12,53.27,52.52,52.84,43215.95472,2287144.442
1540340000000,53.34,53.92,53,53.11,50279.98528,2684802.893
1540250000000,53.12,53.97,52.53,53.33,56502.9476,3006380.218
1540170000000,53.62,54.16,52.67,53.12,113096.1947,6044482.131
1540080000000,54.27,54.9,53.44,53.61,139868.3975,7580763.33
1539990000000,53.68,54.65,53.28,54.28,134248.6248,7246667.2
1539910000000,53.53,54.74,53.31,53.71,131153.0592,7061519.037
1539820000000,55.31,55.85,53,53.53,163778.7206,8907285.964
1539730000000,55.54,55.72,54.32,55.27,189501.3474,10451967.89
1539650000000,56.15,57.34,54.71,55.54,178767.6702,9988474
1539560000000,52.61,61.86,52.17,56.16,380967.7322,21747320.25
1539480000000,54.06,54.44,52.11,52.61,173244.3547,9306172.115
1539390000000,53.7,54.88,53.2,54.05,162360.6986,8771145.082
1539300000000,51.31,54.26,50.87,53.74,204719.8641,10863354.91
1539220000000,58.43,58.66,50.62,51.36,269784.6941,14307677.15
1539130000000,59.02,59.18,57.37,58.46,156144.0548,9074909.82
1539040000000,59.65,59.84,58.29,59.03,156778.8523,9264677.028
1538960000000,58.32,60.26,57.63,59.66,178247.2835,10499302.73
1538870000000,57.98,58.64,56.88,58.33,137742.589,7971910.296
1538780000000,58.88,59.17,56.92,57.96,146487.7411,8512401.729
1538700000000,58.43,59.85,57.65,58.93,152016.109,8865509.445
1538610000000,57.6,59.4,57.39,58.42,164171.3699,9643908.913
1538520000000,59.42,59.66,56.67,57.56,199293.4231,11515193.84
1538440000000,60.47,61.8,59.02,59.46,190207.9202,11489099.19
1538350000000,61.19,62.09,59.51,60.45,189136.6149,11484878.18
1538270000000,61.61,63,59.81,61.21,224746.2609,13734703.94
1538180000000,61.95,62.34,58.95,61.61,206352.4729,12577562.18
1538090000000,63.25,65,60.14,61.95,306042.0089,19128678.58
1538010000000,57.25,65.67,56.58,63.28,496070.9006,30665922.11
1537920000000,57.57,59.85,56.4,57.18,226177.4401,13066635.76
1537830000000,58.03,58.16,54.25,57.61,279946.3215,15753483.09
1537750000000,61.36,61.56,57.02,58.01,231626.389,13624552.62
1537660000000,60.58,63.82,59.86,61.38,244808.3439,15089323.81
1537570000000,60.82,61.9,58,60.65,210861.6948,12631718.46
1537490000000,56.52,62.73,56.33,60.83,323523.4421,18976330.14
1537400000000,54.33,57.42,53.28,56.53,194009.0476,10587308.05
1537320000000,53.93,55.28,51.62,54.27,228844.252,12289753.52
1537230000000,52.06,55.52,50.41,53.96,224751.4303,11874091.78
1537140000000,56.75,57.85,51.37,52.07,256476.304,14029350.87
1537060000000,56.22,57.55,54.35,56.75,193175.785,10857782.74
1536970000000,56.21,58.73,55.61,56.22,236098.1012,13554456.11
1536880000000,54.49,59,52.83,56.24,279002.9753,15505362.6
1536800000000,51.69,55.49,51.66,54.44,232884.2292,12514995.48
1536710000000,52.01,52.14,47.21,51.69,276375.6434,13756255.44
1536620000000,54.34,54.75,49.74,52.04,239830.9507,12670927.06
1536540000000,54.79,56.59,53.03,54.34,226840.0541,12366211.06
1536450000000,53.09,56.72,52.2,54.74,208940.088,11413319.23
1536360000000,55.63,57.22,51.87,53.07,187659.6302,10323291.91
1536280000000,57.61,58.53,55,55.66,193929.6189,10983095.95
1536190000000,57.71,57.89,53.96,57.61,251529.337,14014155.39
1536110000000,67.63,68.36,57.61,57.82,331321.5739,20765379.89
1536020000000,65.5,69.45,65.36,67.6,220730.4701,14960889.68
1535930000000,66.21,66.55,64.21,65.44,162189.6958,10569362.88
1535850000000,66.45,67.3,64.15,66.21,180336.1897,11838318.62
1535760000000,62.04,67.93,61.97,66.49,210232.0811,13646887.03
1535670000000,60.13,62.75,59.55,62.04,176396.7359,10744055.13
1535590000000,61.52,61.65,58.55,60.23,179589.1365,10761861.62
1535500000000,63.12,63.4,60.14,61.41,185484.9476,11486407.62
1535410000000,60.69,63.74,59.65,63.13,213926.3525,13093911.43
1535330000000,57.05,61.17,56.52,60.61,173547.4962,10042122.88
1535240000000,57.88,58.08,55.74,56.99,149004.5146,8456358.243
1535160000000,57.88,58.38,56.93,57.89,141200.4099,8154031.682
1535070000000,57.3,58.36,55.5,57.82,162850.0833,9285143.519
1534980000000,55.15,57.89,54.8,57.29,168194.8736,9382986.335
1534900000000,56.43,59.75,53.82,55.14,243024.9125,13791753.76
1534810000000,53.39,56.82,53.21,56.42,176189.0941,9710200.658
1534720000000,57.79,58.5,53.18,53.39,220297.2874,12325875.74
1534640000000,57.04,58.98,56.1,57.67,183235.7261,10508700.8
1534550000000,61.79,62.31,55.12,57.04,205917.5427,11969875.72
1534460000000,55.32,61.89,54.99,61.75,230326.3703,13405002.87
1534380000000,54.32,57.58,54.06,55.29,153625.5849,8558558.044
1534290000000,54.26,59.2,53.7,54.32,232565.4451,13029652.15
1534200000000,56.5,56.5,49.2,54.24,230722.8295,11992181.2
1534120000000,59.21,60.61,55.52,56.44,192384.1762,11164711.92
1534030000000,57.73,61.55,57.02,59.32,173455.1835,10331214.56
1533950000000,59.16,59.98,55,57.6,195460.3514,11141417.36
1533860000000,62.84,63.14,58.12,59.16,181493.8554,11133870.15
1533770000000,62.13,64.94,60,62.89,179209.2276,11263053.92
1533690000000,67.32,67.49,60.8,62.13,185720.388,11974283.37
1533600000000,73.67,75.24,66.58,67.35,164019.4683,11907649.77
1533510000000,74.6,76.7,72.35,73.62,137607.0727,10218380.65
1533430000000,73.06,74.73,72.23,74.61,133945.8435,9870760.384
1533340000000,77.63,78.15,72.1,73.13,148949.1646,11228478.37
1533250000000,76.16,77.84,74.66,77.7,141502.8987,10755649.49
1533170000000,77.62,78.46,75.33,76.11,134458.4997,10335329.42
1533080000000,78.91,79.06,75.78,77.53,139634.7977,10805717.31
1533000000000,82.16,82.63,76.02,78.69,157911.8041,12489474.3
1532910000000,83.89,84.62,79.76,82.18,146947.0501,12152782.17
1532820000000,84.1,85.38,83.22,83.85,119512.7544,10028538.86
1532740000000,84.39,84.7,82.26,84.07,124974.4699,10466944.39
1532650000000,83.51,85.12,81.37,84.39,158734.4442,13246486.85
1532560000000,86.38,87.9,82.75,83.37,151787.8452,13102178.27
1532480000000,89.02,90.75,84.81,86.38,164176.7992,14305114.75
1532390000000,81.43,89.79,80.79,89.12,207891.1757,17982460.01
1532300000000,82.2,85.96,81.1,81.38,143669.0355,12017252.07
1532220000000,83.42,84.2,81.78,82.21,137457.8165,11406970.05
1532130000000,81.84,84.93,79.5,83.44,134142.4487,11093940.82
1532040000000,86.1,86.69,80.72,81.87,172067.6313,14427924.63
1531960000000,86.26,89,84.8,86,154334.9518,13363247.48
1531870000000,88.99,94.41,84.2,86.21,207474.928,18644932.15
1531790000000,83.65,90,81.3,89.06,204689.4776,17424042.9
1531700000000,78.54,84.28,77.6,83.49,182917.2207,14849320.62
1531610000000,76.19,79.5,75.1,78.54,149955.8008,11604880.68
1531530000000,76.52,77.5,75.37,76.18,142798.4544,10889163.06
1531440000000,76.82,78.6,74.96,76.53,167655.2693,12912109.68
1531350000000,78.18,78.25,74,76.79,181966.7424,13812292.33
1531270000000,75.79,80.98,75.31,78.18,192182.0067,14878690.44
1531180000000,80.58,80.62,74.25,75.81,211707.9717,16301339.74
1531090000000,82.26,83.12,79.8,80.46,164942.791,13486143.28
1531010000000,84.88,85.7,81.81,82.22,151162.899,12714183.75
1530920000000,83.1,85.35,79.4,84.79,161497.8695,13194718.21
1530840000000,83.26,84.23,80.67,83.1,156241.9872,12927067.52
1530750000000,85.23,87.11,81.77,83.33,170561.6332,14375938.53
1530660000000,84.87,89.01,83.98,85.28,119209.8786,10301557.59
1530580000000,85.36,90,83.64,85.09,192538.9875,16697670.12
1530490000000,79.96,87.06,78.11,85.36,171028.1317,14148269.22
1530400000000,81.34,81.83,77.73,79.95,145195.4048,11578099.28
1530320000000,78.94,84.59,78.84,81.33,170407.2992,13873276.69
1530230000000,74.24,80.79,72.15,78.94,182184.8645,13628167.37
1530140000000,80.71,81.43,73.89,74.05,179829.0657,14111508.68
1530060000000,75.63,81.75,74.87,80.6,139175.3341,10907247.06
1529970000000,81.48,81.99,75,75.54,118123.1803,9353924.399
1529880000000,80.46,84.38,78.55,81.48,164736.3733,13384187.74
1529800000000,82.76,83.63,73.22,80.37,250304.8192,19659622.6
1529710000000,84.75,86.77,81.31,82.73,165849.7556,13847070.92
1529630000000,96.74,96.87,80.02,84.8,232108.914,20336007.63
1529540000000,97.72,99.3,96,96.72,137564.825,13359242.49
1529450000000,98.67,99.13,95.21,97.72,141985.6417,13782651.36
1529370000000,98.79,120,96.91,98.67,130065.5113,12839843.28
1529280000000,94.95,99.88,92.89,98.7,161804.4625,15517726.76
1529190000000,96.65,98.2,94.51,94.95,119733.0926,11542696.57
1529110000000,95.5,97.58,92.68,96.66,130013.9953,12447952.54
1529020000000,100.89,100.98,94.49,95.5,155895.2462,15253287.66
1528930000000,93.4,102.87,91.65,100.88,177889.8581,17309706.95
1528850000000,99.68,100.45,86.71,93.37,168148.0569,15894051.8
1528760000000,107.2,107.86,94.05,99.68,73444.59887,7540691.121
1528680000000,106.5,108.42,102.7,107.2,56836.22735,6006747.921
1528590000000,117.25,117.47,102.75,106.48,88683.19352,9692900.337
1528500000000,119.9,120.93,116.7,117.4,17060.66336,2035221.803
1528420000000,121.56,122.18,118.04,119.68,28982.19754,3468451.554
1528330000000,121.63,123.84,119.4,121.54,39573.29608,4812926.925
1528240000000,122.2,122.94,118,121.61,36817.66091,4450435.128
1528160000000,119.77,122.6,115.77,122.18,48879.6275,5823546.869
1528070000000,125.07,127.01,118,119.77,59686.2455,7227010.095
1527980000000,123.44,127.98,122.23,125.33,52884.48398,6636628.904
1527900000000,120.19,124.5,118.66,123.44,45059.33298,5504755.443
1527810000000,118.25,120.4,116.62,120.19,51605.41534,6128372.286
1527720000000,117.18,121.01,116.04,118.25,55831.28616,6646626.535
1527640000000,119.52,122.73,114.69,117.18,47541.06432,5657430.336
1527550000000,110.66,122.71,109.41,119.28,70835.89135,8344414.079
1527470000000,117.72,118.97,110,110.82,75142.06687,8624420.818
1527380000000,118.35,119,116.58,117.71,119072.1558,13992547.55
1527290000000,118.78,122.46,117.18,118.45,121594.2696,14597965.93
1527210000000,122.65,124.58,116.63,118.87,98242.40331,11733268.48
1527120000000,118.29,124.85,114.7,122.58,79220.48706,9517575.355
1527030000000,127.9,129.35,115.83,118.37,107080.5148,13059496.19
1526950000000,134.25,136.25,127.31,127.89,41745.53907,5488322.582
1526860000000,139.63,140.25,133.43,134.25,43516.2189,5933499.302
1526770000000,134.89,141,132.5,139.64,47003.82267,6479741.685
1526690000000,135.95,137.77,132.6,134.95,37830.56861,5116578.091
1526600000000,132.07,137.49,128,135.95,66556.79304,8827432.325
1526520000000,138.91,141.5,131,132.31,58209.5848,7947073.017
1526430000000,139.34,140.86,133.5,138.92,70852.18798,9700453.293
1526340000000,147.1,149.67,136.91,139.35,105112.9027,15094108.78
1526260000000,144.19,152.95,134.19,147.42,171489.171,24597937.5
1526170000000,141.43,146.89,136.1,144.24,89476.86723,12691439.05
1526080000000,136.32,144.47,130.32,141.57,91975.31387,12746995.5
1526000000000,148.11,148.5,132.97,136.32,147425.6038,20808982.58
1525910000000,156.75,160.9,147.22,148.16,87015.41914,13514823.47
1525820000000,159,160.32,150,156.72,96837.57036,15104252.63
1525740000000,164.52,168.66,155.05,158.89,113315.9363,18364526.22
1525650000000,172.1,172.81,157.3,164.59,170523.8358,27962061.89
1525560000000,178.86,184.98,164.8,172.32,198191.5738,34339687.68
1525480000000,169.2,184.67,168.13,179.04,226947.8176,40162226.19
1525390000000,161.17,172.1,157.1,169.44,175174.3413,28741709.54
1525310000000,151.58,165.04,150,161.38,190732.6775,30112567.15
1525220000000,148.28,153.76,146.21,151.58,76486.25106,11423470.37
1525130000000,148.36,148.89,142.44,148.29,88367.51511,12837335.36
1525050000000,153.51,154.9,147,148.37,92445.57179,13941608.94
1524960000000,151.89,156.87,148,153.5,93443.5302,14243367.24
1524870000000,145.66,153.74,144.49,152.1,80642.67696,12143970.52
1524790000000,153.19,153.8,144.44,144.9,95174.33853,14304916.63
1524700000000,144.74,154.84,142,153.19,98478.86456,14546459.95
1524610000000,164.23,164.79,141.85,144.75,192757.1952,29132512.55
1524530000000,152.57,166.29,152.44,164.78,172718.0681,27854951.38
1524440000000,146.38,153.67,145.8,152.56,73891.75771,11150207.81
1524360000000,148.38,153.14,144.26,146.38,84286.7952,12575028.73
1524270000000,155.5,156.94,139.8,148.4,150940.4375,22447754.9
1524180000000,146.5,156.49,142.62,155.71,139102.8337,20855523.29
1524100000000,140.36,147.48,138.51,146.71,97431.94319,13912412.56
1524010000000,132.1,141.43,131.5,140.36,100942.7885,13851175.15
1523920000000,128.76,140.5,128.73,132.09,165601.8802,22412227.67
1523840000000,132.45,133.49,124.88,128.96,86544.7505,11079471.42
1523750000000,126.4,132.99,126.4,132.45,61105.32594,7961965.486
1523660000000,125.28,129.71,124,126.4,77108.42942,9769310.998
1523580000000,129.62,133.98,123.55,125.1,187842.6214,24181800.33
1523490000000,118.4,130.9,112.92,129.67,232191.2283,28190785.75
1523400000000,114.25,119.59,112.92,118.4,62636.41007,7213019.409
1523320000000,114.62,115.26,111.25,114.25,54554.53212,6206852.141
1523230000000,117.8,122.99,112.48,114.79,98639.79044,11532234.08
1523150000000,115.8,118.49,115.34,117.55,42540.37579,4974656.473
1523060000000,112.7,119.72,112.19,115.8,73178.28817,8566752.716
1522970000000,118.41,120.15,111.31,112.79,83137.97172,9505959.685
1522890000000,118.01,122.5,113.63,118.26,125611.5983,14846290.09
1522800000000,133.82,134.77,115.2,118.07,168974.9795,20675256.3
1522710000000,119.03,137.25,118,134.04,139283.4273,17832887.34
1522630000000,114.97,121.71,113.54,119.05,91168.44423,10788172.88
1522540000000,116.05,118.38,109.03,114.74,113209.8841,12890391.89
1522450000000,118.1,124.28,115.26,116.05,128237.7884,15387597.55
1522370000000,114.55,126.45,109.77,118.35,252079.1424,29552457.24
1522280000000,131.31,132.6,112.51,114.7,187392.7699,22462324.12
1522200000000,135,139.75,130.1,131.22,83839.85944,11261254
1522110000000,147.71,149.34,134.4,135,103463.3891,14565091.83
1522020000000,160,161.06,141.56,147.83,99508.29226,14928884.49
1521940000000,158.81,162.89,156.75,160.01,46203.18669,7379174.838
1521850000000,168.97,169.74,157.73,158.92,73773.75243,12109450.72
1521760000000,163.65,169.5,156.13,168.66,80739.90111,12990746.17
1521680000000,168.43,172.64,159.51,163.65,100604.6274,16639641.32
1521590000000,168.5,175.88,165.22,168.54,110902.8125,18938393.15
1521500000000,161.18,174,155.41,168.24,125783.5649,20695744.22
1521420000000,153.59,163.88,150.66,161.2,171855.3201,26919936.4
1521330000000,151.7,158,136.86,153.5,241693.6976,35451731.96
1521240000000,164.12,165.96,150.2,151.75,105128.932,16522818.83
1521160000000,164,171.6,157.5,164.1,113818.4533,18718175.61
1521070000000,160,167.7,149.55,164,207428.0445,33196769.34
1520990000000,175.38,177.52,156.5,160.15,151320.1788,25068333.73
1520900000000,177.8,182.9,170.51,175.01,115964.9562,20385448.4
1520810000000,188.16,192.88,173.58,177.8,142835.1075,26187028.2
1520730000000,176.85,194,169.85,188.16,197705.6657,36114840.74
1520640000000,185.88,194.99,174.48,176.74,187043.8542,34636318.13
1520550000000,175.06,190,157.68,185.79,308773.9243,53588984.01
1520470000000,185.33,187.5,173.69,175.24,160132.5365,28906501.33
1520380000000,196.2,199.28,173.08,185.25,229372.2102,42660481.22
1520290000000,210.03,210.49,191.31,196.24,130006.5373,26094574.12
1520210000000,213.19,217,208.17,210.14,71680.40092,15251073.13
1520120000000,210,215.34,204.5,213.19,67079.9353,14045210.12
1520040000000,212.8,218.39,208,210.04,120120.9805,25787453.1
1519950000000,209.14,214.47,203.43,212.8,89853.18198,18725901.76
1519860000000,201.86,215,200.2,209.17,121521.2129,25319046.48
1519780000000,214.94,223.71,201.5,201.86,185588.088,39526352.13
1519690000000,218.25,224.36,211.8,214.6,248945.7873,54293702.45
1519600000000,218.16,232.3,214.43,218.5,408480.1248,91104241.06
1519520000000,206.69,223.17,198.94,217.78,314689.2619,66459733.73
1519430000000,206.38,219,192.3,206.5,326443.0926,67239268.01
1519340000000,192.69,216.28,182,206.4,427034.1542,85820511.92
1519260000000,209.6,222,188,192.61,396496.5489,80299085.59
1519170000000,228.5,233.53,203.12,209.6,493443,106976453.1
1519080000000,221.44,254.8,221,228.51,534334.8415,128317944
1519000000000,213.23,226.5,196,221.44,171716.1968,37779444.7
1518910000000,228.08,231.39,210.1,213.66,302164.9059,66870686.09
1518830000000,228,232.2,222.78,228,190064.5513,43303634.02
1518740000000,220.64,235.58,208.56,228.08,408040.4512,90688669.05
1518650000000,212.25,236.66,206.5,220.64,676400.6946,150844274.5
1518570000000,159.45,218.6,158.94,212.25,734010.6511,144508206.9
1518480000000,161.55,162.95,152,159.63,76565.21628,12069558.83
1518390000000,148.28,163.75,146.04,161.49,92515.29686,14589621.47
1518310000000,154.62,156.1,139,148.28,90638.82249,13496062.28
1518220000000,163.74,169,146.01,154.65,133107.1619,21097674.31
1518130000000,142.37,164.4,142.37,163.73,65205.08736,10150897.42
1518050000000,137.97,143.5,137.2,142.37,3877.47235,547053.0073
1517960000000,140.96,157,130.01,137.21,178588.5705,25755598.06
1517880000000,125.17,147,106.5,141,393108.7479,49029234.28
1517790000000,147.29,153.96,116.6,125.17,299970.4207,40146290.07
1517700000000,160.86,174.75,138,147.09,300059.1927,46812220.18
1517620000000,131.99,166.99,120.06,160.3,143242.7098,21386022.97
1517530000000,144.04,147,108.52,131.68,124193.0359,15940474.89
1517440000000,164.83,167.2,132,143.69,64818.91744,9681259.499
1517360000000,168.1,169.31,157.5,165.19,37253.63137,6066209.677
1517270000000,181.51,181.96,160.59,168.21,56599.48048,9714236.046
1517180000000,196.74,197.19,180.01,181.5,36900.24385,6841796.676
1517100000000,182.11,198,181.7,196.74,47275.56346,8994922.714
1517010000000,175.73,184,173,182.1,31424.8731,5654927.149
1516920000000,179,183.06,165,177.09,49473.65655,8624749.655
1516840000000,180.83,186,175.58,179.59,39819.99079,7216982.008
1516750000000,176.94,186.3,171.58,180.89,43298.498,7744819.23
1516670000000,178,186.42,163.02,176.98,49510.38638,8716023.117
1516580000000,190.52,195,163.44,178,60376.3605,10811398.77
1516490000000,210.05,210.69,180,190.16,64817.00761,12460823.87
1516410000000,191.44,215,190.67,210.4,59162.64755,12075942.51
1516320000000,186.21,199,176.04,191.42,59369.45319,11209086.55
1516230000000,183.45,202.19,170.5,186.14,98372.75595,18512748.89
1516150000000,179.28,198.89,136.2,182.44,155640.0092,26395093.96
1516060000000,229.5,242,135.67,179.28,150044.0732,28582968.28
1515970000000,234.26,242.31,227.6,229.5,35755.94861,8398319.524
1515890000000,257.98,271.64,222,234.12,62203.40257,15137840.87
1515800000000,233.11,263.99,232.54,257.98,42811.12858,10476151.19
1515720000000,223.76,240.45,213.01,233.11,45676.80703,10548375.59
1515630000000,247.63,252.27,195.03,223.77,83842.47294,19073326.49
1515540000000,244.56,248.99,225.05,247.63,70931.30085,16870783.61
1515460000000,252.49,257.64,228.24,244.48,53921.90417,13345180.46
1515370000000,269.01,271.82,212.74,252.65,76256.97086,19095109.76
1515280000000,276.24,287,262,269.01,43811.61108,12078548.84
1515200000000,240.95,315,238.73,275.28,100812.2137,28259590.95
1515110000000,233.04,250.99,230,240.54,65010.14465,15696625.24
1515020000000,238.89,240,219.38,233,78182.30493,17951834.04
1514940000000,247.33,253.4,233.56,238.77,71369.27484,17455596.19
1514850000000,222.62,256.49,222.62,247.33,63293.12934,15468084.21
1514760000000,223.69,231.19,212.74,222.61,20221.253,4495346.594
1514680000000,206.11,234.37,202.98,223.69,29739.10081,6491443.677
1514590000000,238.27,244,193.2,206.03,52930.1782,11334425.4
1514510000000,244.68,261,233.97,238.27,34985.03167,8540220.645
1514420000000,262.61,266.7,222.03,244.68,34832.27138,8365398.227
1514330000000,277.98,284.34,245.29,262.59,25036.78582,6741018.673
1514250000000,261.17,282.82,258,277.98,21987.89021,5985168.513
1514160000000,262.9,277.5,251.4,261.2,24415.6917,6464612.037
1514070000000,253.44,277,220.03,262.9,33435.37202,8272835.264
1513990000000,250.99,301.52,214.91,253.44,38709.14008,10424037.06
1513900000000,303,315,177.58,250.99,81233.42425,19331731.11
1513810000000,303.8,325.16,267.01,302,26212.1583,7792715.351
1513730000000,336.05,357,260,302.7,31586.76711,9862312.579
1513640000000,352,366.96,303.01,338.48,23190.32542,7853537.978
1513560000000,311.23,360.96,277,352,17210.06137,5445727.669
1513555200000,311.4,360.96,277,352,17036.7,5392264.44
1513468800000,293.97,328.8,290,311.4,14413.88,4534010.89
1513382400000,294,305,285,293.97,8895.82,2613906.45
1513296000000,272.4,314.21,239.99,294,16244.13,4569740.43
1513209600000,290.01,298,252,272.4,5674.54,1531985.28
