unix,close,gains,losses,gains ave,losses ave,rs,rsi
1.51321E+12,272.4,,,,,,
1.5133E+12,294,21.6,0,,,,
1.51338E+12,293.97,0,0.03,,,,
1.51347E+12,311.4,17.43,0,,,,
1.51356E+12,352,40.6,0,,,,
1.51356E+12,352,0,0,,,,
1.51364E+12,338.48,0,13.52,,,,
1.51373E+12,302.7,0,35.78,,,,
1.51381E+12,302,0,0.7,,,,
1.5139E+12,250.99,0,51.01,,,,
1.51399E+12,253.44,2.45,0,,,,
1.51407E+12,262.9,9.46,0,,,,
1.51416E+12,261.2,0,1.7,,,,
1.51425E+12,277.98,16.78,0,,,,
1.51433E+12,262.59,0,15.39,7.737142857,8.437857143,0.916955896,47.83395893
1.51442E+12,244.68,0,17.91,7.184489796,25.74515306,0.27906184,21.81769729
1.51451E+12,238.27,0,6.41,6.671311953,30.31621356,0.220057559,18.03665388
1.51459E+12,206.03,0,32.24,6.194789671,60.39076973,0.102578419,9.303503232
1.51468E+12,223.69,17.66,0,23.41230469,56.07714332,0.417501736,29.45334919
1.51476E+12,222.61,0,1.08,21.73999722,53.15163308,0.409018424,29.02860724
1.51485E+12,247.33,24.72,0,44.90714027,49.35508786,0.909878641,47.64065221
1.51494E+12,238.77,0,8.56,41.6994874,54.38972445,0.766679512,43.39663797
1.51502E+12,233,0,5.77,38.72095258,56.27474413,0.688069811,40.76074383
1.51511E+12,240.54,7.54,0,43.49517025,52.25511955,0.832361894,45.42562779
1.5152E+12,275.28,34.74,0,75.12837238,48.52261101,1.548316771,60.75841075
1.51528E+12,269.01,0,6.27,69.76206007,51.32671022,1.359176533,57.61232846
1.51537E+12,252.65,0,16.36,64.77905578,64.02051663,1.011848376,50.29446493
1.51546E+12,244.48,0,8.17,60.15198036,67.61762259,0.889590288,47.07847483
1.51554E+12,247.63,3.15,0,59.00541034,62.7877924,0.939759276,48.44721135
1.51563E+12,223.77,0,23.86,54.79073817,82.16295009,0.666854563,40.0067635
1.51572E+12,233.11,9.34,0,60.21711402,76.29416794,0.789275454,44.11145596
1.5158E+12,257.98,24.87,0,80.78589159,70.84458452,1.140325575,53.2781362
1.51589E+12,234.12,0,23.86,75.01547076,89.64425705,0.836812901,45.55787366
1.51597E+12,229.5,0,4.62,69.65722285,87.86109583,0.792810768,44.22166478
1.51606E+12,179.28,0,50.22,64.68170693,131.8053033,0.490736756,32.91907534
1.51615E+12,182.44,3.16,0,63.22158501,122.3906388,0.516555724,34.0611107
1.51623E+12,186.14,3.7,0,62.40575751,113.6484503,0.549112261,35.44689916
1.51632E+12,191.42,5.28,0,63.2282034,105.5307038,0.599145093,37.46658736
1.51641E+12,210.4,18.98,0,77.69190316,97.99279641,0.7928328,44.22235024
1.51649E+12,190.16,0,20.24,72.1424815,111.2333109,0.648569038,39.34133319
1.51658E+12,178,0,12.16,66.98944711,115.4480745,0.58025608,36.71911706
1.51667E+12,176.98,0,1.02,62.2044866,108.2217834,0.574787114,36.49935341
1.51675E+12,180.89,3.91,0,61.67130899,100.491656,0.613695817,38.03045225
1.51684E+12,179.59,0,1.3,57.26621549,94.6136806,0.605263585,37.7049346
1.51692E+12,177.09,0,2.5,53.17577152,90.35556056,0.588516868,37.0481976
1.51701E+12,182.1,5.01,0,54.38750213,83.90159195,0.64822968,39.32884404
1.5171E+12,196.74,14.64,0,65.14268055,77.90862109,0.836142132,45.53798518
1.51718E+12,181.5,0,15.24,60.48963194,87.58371959,0.690649269,40.85112636
1.51727E+12,168.21,0,13.29,56.16894394,94.61773962,0.593640729,37.25059973
1.51736E+12,165.19,0,3.02,52.15687652,90.87932964,0.573913526,36.46410788
1.51744E+12,143.69,0,21.5,48.43138534,105.887949,0.457383355,31.38387394
1.51753E+12,131.68,0,12.01,44.97200067,110.334524,0.407596816,28.95692937
1.51762E+12,160.3,28.62,0,70.37971491,102.4534866,0.686943092,40.72117758
1.5177E+12,147.09,0,13.21,65.35259242,108.3453804,0.603187622,37.62426893
1.51779E+12,125.17,0,21.92,60.6845501,122.5264247,0.495277245,33.12277017
1.51788E+12,141,15.83,0,72.17993938,113.7745372,0.634412068,38.8159192
1.51796E+12,137.21,0,3.79,67.02422942,109.4377845,0.612441395,37.98224214
1.51805E+12,142.37,5.16,0,67.39678446,101.6207999,0.663218401,39.87560508
1.51813E+12,163.73,21.36,0,83.94272843,94.36217136,0.889580297,47.07819501
1.51822E+12,154.65,0,9.08,77.94681926,96.70201626,0.806051645,44.63059775
1.51831E+12,148.28,0,6.37,72.37918931,96.16472939,0.752658379,42.9438154
1.51839E+12,161.49,13.21,0,80.41924722,89.29582015,0.900593635,47.38486009
1.51848E+12,159.63,0,1.86,74.67501527,84.77754728,0.880834816,46.8321199
1.51857E+12,212.25,52.62,0,121.9610856,78.72200819,1.549262886,60.7729746
1.51865E+12,220.64,8.39,0,121.6395795,73.0990076,1.664038726,62.46300813
1.51874E+12,228.08,7.44,0,120.3910381,67.87764992,1.773647707,63.94639458
1.51883E+12,228,0,0.08,111.7916782,63.10924635,1.771399354,63.91714538
1.51891E+12,213.66,0,14.34,103.8065584,72.94144304,1.423149228,58.73139019
1.519E+12,221.44,7.78,0,104.1718042,67.73133997,1.538014813,60.59912674
1.51908E+12,228.51,7.07,0,103.800961,62.89338711,1.650427268,62.27023423
1.51917E+12,209.6,0,18.91,96.38660668,77.31100232,1.246738547,55.49103827
1.51926E+12,192.61,0,16.99,89.50184906,88.77878787,1.008144527,50.20278736
1.51934E+12,206.4,13.79,0,96.89885984,82.43744588,1.175422877,54.03192591
1.51943E+12,206.5,0.1,0,90.07751271,76.54905688,1.176729229,54.05951339
1.51952E+12,217.78,11.28,0,94.92340466,71.08126711,1.335420829,57.18116463
1.5196E+12,218.5,0.72,0,88.86316147,66.00403374,1.346329253,57.38023559
1.51969E+12,214.6,0,3.9,82.51579279,65.1894599,1.265784268,55.86517154
1.51978E+12,201.86,0,12.74,76.62180759,73.27306991,1.045702162,51.11702873
1.51986E+12,209.17,7.31,0,78.45882134,68.0392792,1.153140102,53.55620383
1.51995E+12,212.8,3.63,0,76.48461981,63.17933069,1.210595601,54.76332263
1.52004E+12,210.04,0,2.76,71.02143268,61.42652135,1.156201444,53.62214403
1.52012E+12,213.19,3.15,0,69.09847321,57.03891269,1.211426901,54.78032759
1.52021E+12,210.14,0,3.05,64.16286798,56.01470464,1.14546472,53.39005156
1.52029E+12,196.24,0,13.9,59.57980598,65.91365431,0.903906886,47.47642295
1.52038E+12,185.25,0,10.99,55.32410555,72.19553614,0.766309228,43.3847718
1.52047E+12,175.24,0,10.01,51.37238373,77.04871213,0.666752011,40.00307222
1.52055E+12,185.79,10.55,0,58.25292775,71.54523269,0.814211172,44.87962506
1.52064E+12,176.74,0,9.05,54.09200434,75.48485893,0.716594097,41.74511018
1.52073E+12,188.16,11.42,0,61.64828974,70.09308329,0.879520301,46.7949349
1.52081E+12,177.8,0,10.36,57.24484047,75.44643448,0.758748122,43.14137496
1.5209E+12,175.01,0,2.79,53.1559233,72.84740345,0.729688647,42.18612688
1.52099E+12,160.15,0,14.86,49.35907163,82.50401749,0.598262644,37.43206075
1.52107E+12,164,3.85,0,49.68342366,76.61087338,0.648516607,39.33940393
1.52116E+12,164.1,0.1,0,46.23460768,71.13866814,0.649922312,39.39108571
1.52124E+12,151.75,0,12.35,42.93213571,78.4073347,0.547552546,35.38183871
1.52133E+12,153.5,1.75,0,41.61555458,72.8068108,0.571588758,36.37012261
1.52142E+12,161.2,7.7,0,46.34301497,67.60632431,0.685483428,40.66984088
1.5215E+12,168.24,7.04,0,50.07279962,62.77730114,0.797625873,44.37107214
1.52159E+12,168.54,0.3,0,46.79617107,58.29320821,0.80277227,44.52987675
1.52168E+12,163.65,0,4.89,43.45358742,59.01940762,0.736259295,42.40491595
1.52176E+12,168.66,5.01,0,45.35975975,54.80373565,0.827676421,45.28571968
1.52185E+12,158.92,0,9.74,42.11977691,60.6291831,0.694711272,40.99289852
1.52194E+12,160.01,1.09,0,40.20122142,56.29852716,0.714072347,41.65940534
1.52202E+12,147.83,0,12.18,37.3297056,64.4572038,0.579139389,36.67436788
1.52211E+12,135,0,12.83,34.66329806,72.68311781,0.476909895,32.29106233
1.5222E+12,131.22,0,3.78,32.1873482,71.27146654,0.45161619,31.11126711
1.52228E+12,114.7,0,16.52,29.8882519,82.7006475,0.361402877,26.54635764
1.52237E+12,118.35,3.65,0,31.40337676,76.79345839,0.408932967,29.02430253
1.52245E+12,116.05,0,2.3,29.16027842,73.60821136,0.396155237,28.374727
1.52254E+12,114.74,0,1.31,27.07740139,69.66048198,0.388705341,27.99048361
1.52263E+12,119.05,4.31,0,29.45330129,64.68473327,0.45533621,31.28735524
1.52271E+12,134.04,14.99,0,42.33949406,60.06439518,0.704901696,41.34559183
1.5228E+12,118.07,0,15.97,39.31524448,71.74408124,0.547992863,35.40021896
1.52289E+12,118.26,0.19,0,36.69701273,66.61950401,0.550844881,35.51901854
1.52297E+12,112.79,0,5.47,34.07579754,67.33096801,0.506093979,33.60308097
1.52306E+12,115.8,3.01,0,34.651812,62.52161315,0.554237331,35.65976186
1.52315E+12,117.55,1.75,0,33.92668257,58.05578364,0.584380753,36.88385838
1.52323E+12,114.79,0,2.76,31.5033481,56.66894195,0.555919116,35.72930689
1.52332E+12,114.25,0,0.54,29.25310895,53.16116038,0.550272205,35.49519906
1.5234E+12,118.4,4.15,0,31.31360117,49.36393464,0.634341679,38.81328409
1.52349E+12,129.67,11.27,0,40.34691537,45.83793931,0.88020788,46.8143916
1.52358E+12,125.1,0,4.57,37.46499284,47.13380079,0.794864667,44.28549302
1.52366E+12,126.4,1.3,0,36.08892193,43.76710073,0.824567342,45.19248608
1.52375E+12,132.45,6.05,0,39.56114179,40.64087925,0.973432232,49.32686393
1.52384E+12,128.96,0,3.49,36.73534595,41.2279593,0.891029936,47.11876418
1.52392E+12,132.09,3.13,0,37.24139267,38.28310507,0.97278924,49.31034801
1.52401E+12,140.36,8.27,0,42.85129319,35.54859756,1.205428516,54.65733788
1.5241E+12,146.71,6.35,0,46.14048653,33.00941202,1.397797892,58.29506718
1.52418E+12,155.71,9,0,51.8447375,30.65159688,1.691420441,62.84489837
1.52427E+12,148.4,0,7.31,48.14154196,35.7721971,1.345780966,57.37027393
1.52436E+12,146.38,0,2.02,44.70286039,35.23704016,1.268632671,55.92058544
1.52444E+12,152.56,6.18,0,47.68979893,32.72010872,1.457507349,59.30836177
1.52453E+12,164.78,12.22,0,56.50338472,30.3829581,1.859706502,65.03137649
1.52461E+12,144.75,0,20.03,52.46742867,48.24274681,1.087571338,52.09744539
1.5247E+12,153.19,8.44,0,57.1597552,44.79683632,1.2759775,56.06283453
1.52479E+12,144.9,0,8.29,53.07691554,49.8870623,1.063941493,51.54901418
1.52487E+12,152.1,7.2,0,56.48570729,46.32370071,1.21936949,54.94215791
1.52496E+12,153.5,1.4,0,53.85101391,43.01486494,1.251916378,55.59337772
1.52505E+12,148.37,0,5.13,50.00451292,45.07237459,1.10942708,52.59376304
1.52513E+12,148.29,0,0.08,46.43276199,41.93291926,1.107310505,52.54614839
1.52522E+12,151.58,3.29,0,46.40613614,38.93771074,1.191804429,54.37549142
1.52531E+12,161.38,9.8,0,52.89141213,36.15644569,1.462848771,59.39661371
1.52539E+12,169.44,8.06,0,57.17345412,33.57384243,1.702916616,63.00292824
1.52548E+12,179.04,9.6,0,62.68963597,31.17571082,2.010848648,66.78677287
1.52556E+12,172.32,0,6.72,58.21180483,35.66887434,1.632005661,62.00616074
1.52565E+12,164.59,0,7.73,54.05381877,40.8510976,1.323191345,56.9557625
1.52574E+12,158.89,0,5.7,50.19283171,43.63316206,1.150336793,53.4956569
1.52582E+12,156.72,0,2.17,46.60762945,42.68650762,1.091858576,52.1956211
1.52591E+12,148.16,0,8.56,43.27851306,48.19747136,0.897941569,47.31133896
1.526E+12,136.32,0,11.84,40.1871907,56.59479484,0.710086339,41.52342037
1.52608E+12,141.57,5.25,0,42.56667708,52.55230949,0.809986801,44.75097834
1.52617E+12,144.24,2.67,0,42.19620014,48.7985731,0.864701516,46.37211418
1.52626E+12,147.42,3.18,0,42.36218585,45.31296074,0.934880113,48.31721132
1.52634E+12,139.35,0,8.07,39.33631543,50.14632068,0.78443074,43.95971904
1.52643E+12,138.92,0,0.43,36.52657861,46.99444063,0.777253184,43.73339662
1.52652E+12,132.31,0,6.61,33.91753728,50.24769487,0.675006831,40.29875094
1.5266E+12,135.95,3.64,0,35.13485605,46.65857381,0.75302036,42.95559693
1.52669E+12,134.95,0,1,32.62522347,44.32581854,0.736032059,42.39737711
1.52677E+12,139.64,4.69,0,34.98485037,41.15968864,0.849978499,45.94531771
1.52686E+12,134.25,0,5.39,32.48593248,43.60971088,0.74492428,42.69092296
1.52695E+12,127.89,0,6.36,30.16550874,46.85473154,0.643809232,39.16569025
1.52703E+12,118.37,0,9.52,28.01082954,53.027965,0.528227503,34.56471644
1.52712E+12,122.58,4.21,0,30.220056,49.24025321,0.613726657,38.03163655
1.52721E+12,118.87,0,3.71,28.06148057,49.43309227,0.567665895,36.2108978
1.52729E+12,118.45,0,0.42,26.0570891,46.32215711,0.562518905,36.00077435
1.52738E+12,117.71,0,0.74,24.19586845,43.7534316,0.553005046,35.6087089
1.52747E+12,110.82,0,6.89,22.46759214,47.51818648,0.472820909,32.10308234
1.52755E+12,119.28,8.46,0,29.32276413,44.12403031,0.664553168,39.92381744
1.52764E+12,117.18,0,2.1,27.22828097,43.07231386,0.632152734,38.73122417
1.52772E+12,118.25,1.07,0,26.35340376,39.99572001,0.658905597,39.71929434
1.52781E+12,120.19,1.94,0,26.41101778,37.13888287,0.711141955,41.559495
1.5279E+12,123.44,3.25,0,27.77451651,34.48610552,0.805382808,44.61008516
1.52798E+12,125.33,1.89,0,27.68062247,32.02281227,0.864403234,46.36353435
1.52807E+12,119.77,0,5.56,25.70343515,35.29546853,0.728236123,42.13753625
1.52816E+12,122.18,2.41,0,26.2774755,32.77436364,0.801769206,44.49899594
1.52824E+12,121.61,0,0.57,24.40051296,31.00333766,0.787028585,44.0411861
1.52833E+12,121.54,0,0.07,22.65761918,28.85881355,0.785119566,43.98134339
1.52842E+12,119.68,0,1.86,21.03921781,28.65746972,0.734161739,42.33525182
1.5285E+12,117.4,0,2.28,19.53641654,28.8905076,0.676222682,40.34205535
1.52859E+12,106.48,0,10.92,18.14095821,37.74689991,0.480594652,32.45956961
1.52868E+12,107.2,0.72,0,17.56517548,35.05069278,0.501136328,33.38379859
1.52876E+12,99.68,0,7.52,16.31052009,40.06707186,0.407080411,28.93085626
1.52885E+12,93.37,0,6.31,15.14548294,43.51513816,0.348050899,25.81882472
1.52893E+12,100.88,7.51,0,21.57366273,40.406914,0.53391018,34.80713454
1.52902E+12,95.5,0,5.38,20.03268682,42.90070586,0.466954714,31.83156981
1.52911E+12,96.66,1.16,0,19.76178062,39.83636973,0.496073833,33.15837909
1.52919E+12,94.95,0,1.71,18.35022486,38.70091475,0.47415481,32.16451939
1.52928E+12,98.7,3.75,0,20.78949452,35.93656369,0.578505354,36.64893203
1.52937E+12,98.67,0,0.03,19.30453062,33.39966629,0.577985734,36.62807092
1.52945E+12,97.72,0,0.95,17.92563558,31.96397584,0.560807444,35.93059771
1.52954E+12,96.72,0,1,16.64523304,30.68083471,0.542528689,35.17138404
1.52963E+12,84.8,0,11.92,15.45628782,40.40934651,0.382492892,27.66689755
1.52971E+12,82.73,0,2.07,14.35226726,39.59296462,0.362495393,26.60525641
1.5298E+12,80.37,0,2.36,13.32710531,39.12489572,0.340629798,25.40819235
1.52988E+12,81.48,1.11,0,13.48516922,36.33026031,0.371182841,27.07026587
1.52997E+12,75.54,0,5.94,12.52194285,39.67524172,0.315611003,23.98969016
1.53006E+12,80.6,5.06,0,16.68751836,36.84129588,0.452956878,31.17483284
1.53014E+12,74.05,0,6.55,15.49555276,40.75977475,0.380167772,27.54504053
1.53023E+12,78.94,4.89,0,19.27872756,37.84836226,0.50936755,33.747085
1.53032E+12,81.33,2.39,0,20.29167559,35.14490782,0.577371712,36.60340221
1.5304E+12,79.95,0,1.38,18.8422702,34.01455726,0.553947242,35.64775092
1.53049E+12,85.36,5.41,0,22.90639375,31.58494603,0.725231372,42.03676005
1.53058E+12,85.09,0,0.27,21.27022277,29.59887845,0.718615836,41.81363983
1.53066E+12,85.28,0.19,0,19.94092114,27.48467285,0.725528779,42.04675043
1.53075E+12,83.33,0,1.95,18.51656963,27.47148193,0.674028787,40.26387073
1.53084E+12,83.1,0,0.23,17.19395752,25.73923322,0.668005817,40.04817071
1.53092E+12,84.79,1.69,0,17.65581769,23.90071656,0.738714994,42.48626121
1.53101E+12,82.22,0,2.57,16.39468786,24.76352252,0.66204991,39.83333509
1.53109E+12,80.46,0,1.76,15.22363873,24.75469948,0.614979743,38.07971869
1.53118E+12,75.81,0,4.65,14.13623596,27.63650666,0.511505891,33.84081358
1.53127E+12,78.18,2.37,0,15.49650482,25.66247047,0.603858652,37.65036595
1.53135E+12,76.79,0,1.39,14.38961162,25.21943687,0.570576246,36.32910198
1.53144E+12,76.53,0,0.26,13.36178222,23.67804852,0.564310957,36.07409092
1.53153E+12,76.18,0,0.35,12.4073692,22.33675934,0.555468634,35.71069335
1.53161E+12,78.54,2.36,0,13.88112854,20.74127653,0.669251409,40.09290664
1.5317E+12,83.49,4.95,0,17.83961936,19.25975678,0.926264001,48.08603599
1.53179E+12,89.06,5.57,0,22.13536084,17.88405987,1.237714535,55.31154736
1.53187E+12,86.21,0,2.85,20.55426363,19.45662702,1.056414538,51.37167231
1.53196E+12,86,0,0.21,19.08610195,18.27686795,1.044276405,51.08293586
1.53204E+12,81.87,0,4.13,17.72280895,21.10137738,0.839888725,45.64888701
1.53213E+12,83.44,1.57,0,18.02689402,19.59413614,0.920014738,47.91706646
1.53222E+12,82.21,0,1.23,16.73925874,19.42455498,0.861757644,46.28731601
1.5323E+12,81.38,0,0.83,15.5435974,18.86708677,0.823847242,45.17084671
1.53239E+12,89.12,7.74,0,22.17334044,17.51943772,1.265642243,55.86240488
1.53248E+12,86.38,0,2.74,20.58953041,19.00804931,1.0832006,51.99694162
1.53256E+12,83.37,0,3.01,19.11884967,20.6603315,0.925389298,48.06245153
1.53265E+12,84.39,1.02,0,18.77321755,19.18459354,0.978556961,49.45811418
1.53274E+12,84.07,0,0.32,17.43227344,18.13426543,0.961289196,49.01312862
1.53282E+12,83.85,0,0.22,16.18711105,17.05896075,0.94889198,48.68879291
1.53291E+12,82.18,0,1.67,15.03088883,17.51046356,0.858394684,46.19011728
1.533E+12,78.69,0,3.49,13.95725391,19.74971616,0.706706557,41.4076195
1.53308E+12,77.53,0,1.16,12.96030721,19.49902215,0.664664469,39.9278342
1.53317E+12,76.11,0,1.42,12.03457098,19.52623485,0.616328292,38.13138056
1.53325E+12,77.7,1.59,0,12.76495876,18.13150379,0.704020963,41.31527595
1.53334E+12,73.13,0,4.57,11.853176,21.40639638,0.553721224,35.63838964
1.53343E+12,74.61,1.48,0,12.48652057,19.87736806,0.628177761,38.58164484
1.53351E+12,73.62,0,0.99,11.59462624,19.44755606,0.596199656,37.35119564
1.5336E+12,67.35,0,6.27,10.76643865,24.32844491,0.442545288,30.67808626
1.53369E+12,62.13,0,5.22,9.99740732,27.81069885,0.359480622,26.44249695
1.53377E+12,62.89,0.76,0,10.0433068,25.82422036,0.388910358,28.00111297
1.53386E+12,59.16,0,3.73,9.32592774,27.70963319,0.336559047,25.18100849
1.53395E+12,57.6,0,1.56,8.659790045,27.29037368,0.317320318,24.0883188
1.53403E+12,59.32,1.72,0,9.761233613,25.34106127,0.38519435,27.80796425
1.53412E+12,56.44,0,2.88,9.064002641,26.41098547,0.343190626,25.55040361
1.5342E+12,54.24,0,2.2,8.416573881,26.7244865,0.314938657,23.95082501
1.53429E+12,54.32,0.08,0,7.895390032,24.81559461,0.318162436,24.13681556
1.53438E+12,55.29,0.97,0,8.301433601,23.04305214,0.360257554,26.48451045
1.53446E+12,61.75,6.46,0,14.16847406,21.39711984,0.662167346,39.837586
1.53455E+12,57.04,0,4.71,13.1564402,24.57875414,0.535276936,34.86517143
1.53464E+12,57.67,0.63,0,12.84669447,22.82312884,0.562880513,36.01558201
1.53472E+12,53.39,0,4.28,11.92907344,25.47290536,0.468304391,31.89423079
1.53481E+12,56.42,3.03,0,14.10699676,23.65341212,0.596404303,37.35922672
1.5349E+12,55.14,0,1.28,13.09935414,23.24388268,0.56356136,36.0434438
1.53498E+12,57.29,2.15,0,14.31368598,21.58360534,0.663174004,39.87400011
1.53507E+12,57.82,0.53,0,13.82127984,20.04191925,0.689618577,40.81504469
1.53516E+12,57.89,0.07,0,12.90404557,18.61035359,0.693379925,40.94650672
1.53524E+12,56.99,0,0.9,11.98232803,18.18104262,0.659056154,39.72476474
1.53533E+12,60.61,3.62,0,14.74644745,16.88239672,0.873480685,46.62341556
1.53541E+12,63.13,2.52,0,16.21312978,15.67651124,1.034230738,50.84136811
1.5355E+12,61.41,0,1.72,15.05504908,16.27676043,0.924941369,48.05036579
1.53559E+12,60.23,0,1.18,13.97968843,16.29413469,0.85795832,46.17747939
1.53567E+12,62.04,1.81,0,14.79113926,15.13026793,0.977586076,49.43330094
1.53576E+12,66.49,4.45,0,18.18462931,14.0495345,1.294322549,56.41414934
1.53585E+12,66.21,0,0.28,16.88572722,13.32599632,1.26712681,55.89130721
1.53593E+12,65.44,0,0.77,15.67960384,13.14413944,1.192896949,54.39822194
1.53602E+12,67.6,2.16,0,16.71963214,12.20527234,1.369869649,57.80358636
1.53611E+12,57.82,0,9.78,15.5253727,21.11346717,0.735330326,42.37408377
1.53619E+12,57.61,0,0.21,14.41641751,19.81536237,0.727537414,42.11413359
1.53628E+12,55.66,0,1.95,13.3866734,20.34997935,0.657822456,39.67990986
1.53636E+12,53.07,0,2.59,12.43048244,21.48640939,0.578527674,36.64982777
1.53645E+12,54.74,1.67,0,13.21259084,19.95166587,0.662229958,39.83985216
1.53654E+12,54.34,0,0.4,12.26883435,18.92654688,0.648234167,39.3290092
1.53662E+12,52.04,0,2.3,11.39248904,19.87465067,0.573217071,36.43598086
1.53671E+12,51.69,0,0.35,10.57873982,18.80503277,0.562548332,36.00197964
1.5368E+12,54.44,2.75,0,12.57311555,17.46181614,0.720034815,41.86164191
1.53688E+12,56.24,1.8,0,13.47503587,16.21454356,0.831046265,45.38641547
1.53697E+12,56.22,0,0.02,12.51253331,15.07636188,0.829943816,45.35351352
1.53706E+12,56.75,0.53,0,12.14878093,13.99947888,0.867802368,46.46114508
1.53714E+12,52.07,0,4.68,11.28101086,17.67951611,0.638083689,38.95305798
1.53723E+12,53.96,1.89,0,12.36522437,16.41669353,0.753210404,42.96178043
1.53732E+12,54.27,0.31,0,11.79199406,15.24407256,0.773546177,43.61579007
1.5374E+12,56.53,2.26,0,13.20970877,14.15521024,0.933204703,48.27242049
1.53749E+12,60.83,4.3,0,16.56615814,13.14412379,1.260347088,55.75900687
1.53757E+12,60.65,0,0.18,15.38286113,12.38525781,1.24202995,55.39756282
1.53766E+12,61.38,0.73,0,15.01408534,11.50059653,1.305504918,56.62555338
1.53775E+12,58.01,0,3.37,13.94165067,14.04912535,0.99235008,49.80801768
1.53783E+12,57.61,0,0.4,12.94581848,13.4456164,0.962828188,49.05310583
1.53792E+12,57.18,0,0.43,12.02111716,12.91521523,0.930771725,48.20723823
1.53801E+12,63.28,6.1,0,17.26246593,11.99269985,1.439414489,59.00655651
1.53809E+12,61.95,0,1.33,16.02943265,12.46607844,1.28584404,56.25248343
1.53818E+12,61.61,0,0.34,14.88447318,11.91564426,1.249153873,55.53883565
1.53827E+12,61.21,0,0.4,13.82129652,11.46452681,1.205570605,54.66025898
1.53835E+12,60.45,0,0.76,12.83406106,11.40563204,1.125238918,52.94646679
1.53844E+12,59.46,0,0.99,11.91734241,11.58094404,1.029047578,50.71579341
1.53852E+12,57.56,0,1.9,11.06610367,12.65373375,0.874532678,46.65337064
1.53861E+12,58.42,0.86,0,11.13566769,11.74989563,0.947724818,48.65804497
1.5387E+12,58.93,0.51,0,10.85026285,10.91061737,0.994468277,49.86132337
1.53878E+12,57.96,0,0.97,10.07524408,11.10128755,0.907574372,47.57740433
1.53887E+12,58.33,0.37,0,9.725583788,10.30833844,0.943467644,48.54558022
1.53896E+12,59.66,1.33,0,10.36089923,9.572028555,1.082414158,51.97881286
1.53904E+12,59.03,0,0.63,9.620835001,9.518312229,1.010771108,50.26783527
1.53913E+12,58.46,0,0.57,8.933632501,9.408432784,0.949534604,48.70570659
1.53922E+12,51.36,0,7.1,8.295515894,15.83640187,0.523825801,34.37570099
1.5393E+12,53.74,2.38,0,10.08297904,14.70523031,0.685672977,40.67651237
1.53939E+12,54.05,0.31,0,9.672766255,13.65485672,0.708375522,41.46486021
1.53948E+12,52.61,0,1.44,8.98185438,14.11950981,0.636130751,38.8801904
1.53956E+12,56.16,3.55,0,11.89029335,13.11097339,0.906896307,47.55876362
1.53965E+12,55.54,0,0.62,11.04098668,12.79447529,0.862949549,46.32168109
1.53973E+12,55.27,0,0.27,10.25234478,12.1505842,0.843773814,45.7634124
1.53982E+12,53.53,0,1.74,9.520034437,13.02268533,0.731034667,42.23108186
1.53991E+12,53.71,0.18,0,9.020031978,12.09249352,0.745919935,42.7236049
1.53999E+12,54.28,0.57,0,8.945743979,11.22874398,0.796682513,44.34186382
1.54008E+12,53.61,0,0.67,8.306762266,11.09669084,0.748580129,42.81074209
1.54017E+12,53.12,0,0.49,7.713422104,10.79407007,0.714598113,41.67729497
1.54025E+12,53.33,0.21,0,7.372463383,10.02306506,0.735549788,42.38137063
1.54034E+12,53.11,0,0.22,6.845858855,9.527131843,0.718564513,41.81190218
1.54043E+12,52.84,0,0.27,6.356868937,9.116622426,0.69728334,41.08231806
1.54051E+12,52.56,0,0.28,5.90280687,8.74543511,0.674958627,40.29703277
1.5406E+12,52.25,0,0.31,5.481177808,8.430761173,0.650140325,39.39909322
1.54068E+12,52.07,0,0.18,5.089665107,8.008563947,0.63552781,38.85765844
1.54077E+12,49.21,0,2.86,4.7261176,10.29652366,0.459001286,31.45996444
1.54086E+12,49.34,0.13,0,4.518537771,9.561057689,0.472598108,32.09280966
1.54094E+12,49.93,0.59,0,4.785785073,8.878124997,0.539053581,35.02500418
1.54103E+12,50.61,0.68,0,5.123943282,8.243973211,0.62153808,38.33015627
1.54112E+12,51.78,1.17,0,5.927947334,7.655117982,0.774377005,43.64219118
1.5412E+12,51.04,0,0.74,5.504522524,7.84832384,0.701362818,41.22358914
1.54129E+12,54.6,3.56,0,8.671342344,7.28772928,1.189855168,54.33487955
1.54138E+12,53.91,0,0.69,8.051960748,7.457177189,1.07975988,51.91752618
1.54146E+12,56.48,2.57,0,10.04682069,6.924521675,1.45090465,59.19873912
1.54155E+12,54.47,0,2.01,9.329190645,8.439912984,1.105365738,52.50231435
1.54164E+12,52.72,0,1.75,8.662819884,9.587062057,0.903594848,47.46781328
1.54172E+12,52.25,0,0.47,8.044047036,9.37227191,0.85828144,46.18683811
1.54181E+12,52.48,0.23,0,7.699472247,8.702823916,0.884709644,46.94142924
1.54189E+12,51.46,0,1.02,7.149509944,9.101193637,0.785557393,43.9950794
1.54198E+12,51.26,0,0.2,6.638830662,8.651108377,0.767396543,43.4196019
1.54207E+12,50.43,0,0.83,6.164628472,8.863172064,0.695532979,41.02149518
1.54215E+12,45.05,0,5.38,5.724297867,13.61008835,0.420592264,29.60682488
1.54224E+12,44.78,0,0.27,5.315419448,12.90793918,0.411794584,29.16816574
1.54233E+12,42.89,0,1.89,4.93574663,13.87594352,0.355705298,26.23765643
1.54241E+12,42.43,0,0.46,4.583193299,13.3448047,0.343444015,25.56444562
1.5425E+12,42.61,0.18,0,4.435822349,12.39160436,0.357969979,26.36066955
1.54259E+12,37.07,0,5.54,4.118977896,17.04648977,0.241632028,19.46084047
1.54267E+12,33.8,0,3.27,3.824765189,19.09888335,0.200261194,16.68480121
1.54276E+12,35.15,1.35,0,4.901567676,17.7346774,0.276383244,21.65362523
1.54284E+12,32.11,0,3.04,4.551455699,19.50791473,0.233313287,18.91760099
1.54293E+12,32.74,0.63,0,4.85635172,18.11449225,0.26809207,21.14137263
1.54302E+12,29.73,0,3.01,4.509469455,19.83059994,0.227399548,18.52693754
1.5431E+12,31.49,1.76,0,5.947364493,18.41412852,0.322978331,24.4129721
1.54319E+12,30.18,0,1.31,5.522552744,18.40883363,0.299994712,23.07661018
1.54328E+12,31.61,1.43,0,6.558084691,17.09391694,0.383650202,27.72739827
1.54336E+12,34.74,3.13,0,9.21965007,15.87292287,0.580841358,36.74254566
1.54345E+12,33.88,0,0.86,8.561103636,15.59914267,0.548818856,35.43467036
1.54354E+12,32.21,0,1.67,7.949596234,16.15491819,0.492085205,32.97969872
1.54362E+12,34.17,1.96,0,9.341767931,15.00099546,0.622743201,38.37595502
1.54371E+12,33.82,0,0.35,8.674498793,14.27949579,0.607479348,37.79080266
1.5438E+12,30.9,0,2.92,8.054891737,16.1795318,0.49784455,33.23739772
1.54388E+12,31.13,0.23,0,7.709542327,15.02385096,0.513153542,33.91285335
1.54397E+12,29.27,0,1.86,7.158860732,15.81071875,0.452785281,31.1667035
1.54405E+12,26.78,0,2.49,6.647513537,17.17138169,0.387127469,27.90857205
1.54414E+12,24.91,0,1.87,6.172691142,17.81485443,0.346491248,25.73290011
1.54423E+12,24.22,0,0.69,5.731784631,17.23236483,0.332617414,24.95970792
1.54431E+12,25.37,1.15,0,6.472371444,16.00148163,0.404485759,28.79956287
1.5444E+12,24.14,0,1.23,6.010059198,16.08851865,0.373562,27.19658812
1.54449E+12,23.41,0,0.73,5.580769255,15.66933875,0.356158568,26.26231007
1.54457E+12,24.13,0.72,0,5.90214288,14.55010027,0.405642763,28.85816894
1.54466E+12,23.08,0,1.05,5.480561245,14.56080739,0.376391302,27.34624239
1.54475E+12,23.34,0.26,0,5.349092585,13.52074972,0.395621004,28.34730942
1.54483E+12,23.6,0.26,0,5.227014543,12.55498188,0.416329915,29.39498141
1.54492E+12,25.52,1.92,0,6.773656361,11.65819746,0.581020898,36.74972917
1.545E+12,28.95,3.43,0,9.719823764,10.82546907,0.897866291,47.30924909
1.54509E+12,29.89,0.94,0,9.965550638,10.05222128,0.991377961,49.78351576
1.54518E+12,28.83,0,1.06,9.253725593,10.39420548,0.890277339,47.09770999
1.54526E+12,32.18,3.35,0,11.94274519,9.651762227,1.237364215,55.30455018
1.54535E+12,30.29,0,1.89,11.08969197,10.85235064,1.021870038,50.5408369
1.54544E+12,31.33,1.04,0,11.33757111,10.07718274,1.125073486,52.94280378
1.54552E+12,32.97,1.64,0,12.1677446,9.35738397,1.300336145,56.52809256
1.54561E+12,32.68,0,0.29,11.29861999,8.978999401,1.258338428,55.71965708
1.5457E+12,30.5,0,2.18,10.4915757,10.5176423,0.997521631,49.9379639
1.54578E+12,30.3,0,0.2,9.742177439,9.966382136,0.977503903,49.43119969
1.54587E+12,27.55,0,2.75,9.046307622,12.0044977,0.753576522,42.97368906
1.54596E+12,31.8,4.25,0,12.65014279,11.14703358,1.134843876,53.15816715
1.54604E+12,30.28,0,1.52,11.74656116,11.87081689,0.989532672,49.73694004
1.54613E+12,31.38,1.1,0,12.00752108,11.0229014,1.08932491,52.13765006
1.54621E+12,29.9,0,1.48,11.149841,11.7155513,0.951712874,48.76295519
1.5463E+12,31.48,1.58,0,11.93342379,10.87872621,1.096950467,52.3117014
1.54639E+12,32.67,1.19,0,12.27103638,10.10167434,1.21475272,54.84823245
1.54647E+12,31.39,0,1.28,11.39453378,10.66012617,1.068892956,51.66497151
1.54656E+12,31.76,0.37,0,10.95063851,9.898688585,1.106271645,52.5227431
1.54665E+12,34.33,2.57,0,12.73845004,9.191639401,1.385873563,58.08663059
1.54673E+12,38.3,3.97,0,15.79856075,8.535093729,1.851011981,64.92473527
1.54682E+12,37.35,0,0.95,14.67009213,8.875444177,1.652885403,62.30519423
1.54691E+12,38.7,1.35,0,14.9722284,8.241483879,1.816690856,64.49734632
1.54699E+12,38.17,0,0.53,13.90278352,8.182806459,1.699023873,62.94956817
1.54708E+12,32.81,0,5.36,12.90972755,12.95832028,0.996250075,49.90607577
1.54716E+12,31.49,0,1.32,11.98760416,13.35272598,0.89776456,47.30642455
1.54725E+12,31.65,0.16,0,11.29134672,12.39895984,0.910668868,47.66230733
1.54734E+12,29.59,0,2.06,10.48482195,13.57331985,0.77245818,43.58117946
1.54742E+12,31.71,2.12,0,11.8559061,12.603797,0.940661461,48.47117747
1.54751E+12,30.75,0,0.96,11.00905566,12.66352579,0.869351541,46.50551392
1.5476E+12,31.29,0.54,0,10.76269454,11.75898823,0.91527386,47.78814555
1.54768E+12,31.4,0.11,0,10.10393065,10.9190605,0.925347986,48.06133712
1.54777E+12,30.77,0,0.63,9.382221315,10.76912761,0.871214611,46.55877555
1.54786E+12,32,1.23,0,9.94206265,9.999904207,0.994215789,49.8549753
1.54794E+12,30.64,0,1.36,9.231915318,10.64562533,0.867202727,46.44395139
1.54803E+12,30.82,0.18,0,8.752492795,9.885223525,0.885411723,46.9611869
1.54812E+12,31.41,0.59,0,8.717314738,9.17913613,0.949687924,48.70974028
1.5482E+12,31.69,0.28,0,8.3746494,8.52348355,0.982538343,49.55961363
1.54829E+12,32.51,0.82,0,8.596460157,7.914663296,1.086143508,52.06465921
1.54837E+12,32.69,0.18,0,8.162427289,7.349330204,1.110635536,52.62090574
1.54846E+12,32.8,0.11,0,7.689396768,6.824378046,1.126754221,52.97999222
1.54855E+12,32.21,0,0.59,7.140154142,6.926922471,1.030783031,50.75791039
1.54863E+12,30.94,0,1.27,6.630143132,7.702142295,0.860818053,46.26019462
1.54872E+12,30.81,0,0.13,6.156561479,7.281989274,0.845450501,45.81268912
1.54881E+12,31.68,0.87,0,6.586807088,6.761847183,0.974113568,49.34435303
1.54889E+12,31.41,0,0.27,6.116320867,6.548858098,0.933952267,48.29241564
1.54898E+12,32.65,1.24,0,6.919440806,6.08108252,1.13786333,53.22432515
1.54907E+12,34.59,1.94,0,8.365195034,5.646719483,1.481425642,59.7005857
1.54915E+12,33.44,0,1.15,7.767681103,6.393382377,1.214956442,54.8523853
1.54924E+12,34.09,0.65,0,7.862846738,5.936712207,1.324444653,56.97897135
1.54932E+12,34.34,0.25,0,7.551214828,5.512661335,1.3697948,57.80225359
1.54941E+12,32.79,0,1.55,7.011842341,6.668899811,1.051424154,51.25337692
1.5495E+12,33.24,0.45,0,6.960996459,6.192549825,1.12409212,52.92106257
1.54958E+12,42.99,9.75,0,16.21378243,5.750224837,2.819677993,73.81978266
1.54967E+12,44.68,1.69,0,16.74565511,5.339494492,3.136187356,75.82314547
1.54976E+12,46.79,2.11,0,17.65953689,4.958102028,3.561753427,78.07860473
1.54984E+12,42.9,0,3.89,16.3981414,8.493951883,1.930566787,65.87690803
1.54993E+12,43.89,0.99,0,16.21684558,7.887241034,2.056085964,67.27840735
1.55002E+12,41.61,0,2.28,15.05849947,9.603866675,1.567962153,61.05861612
1.5501E+12,41.26,0,0.35,13.98289236,9.267876198,1.50874829,60.13948454
1.55019E+12,42.58,1.32,0,14.30411434,8.605885041,1.662131701,62.4361184
1.55028E+12,43.34,0.76,0,14.04239189,7.991178967,1.757236566,63.73180262
1.55036E+12,43.91,0.57,0,13.60936389,7.420380469,1.834052034,64.71483276
1.55045E+12,47.84,3.93,0,16.56726647,6.890353293,2.40441466,70.62637488
1.55053E+12,47.14,0,0.7,15.3838903,7.0981852,2.167299086,68.42735805
1.55062E+12,51.5,4.36,0,18.64504099,6.591171972,2.828789943,73.88208769
1.55071E+12,48.94,0,2.56,17.31325235,8.680373974,1.994528392,66.60575994
1.55079E+12,49.19,0.25,0,16.32659147,8.060347261,2.025544426,66.94809729
1.55088E+12,51.4,2.21,0,17.37040636,7.484608171,2.320817064,69.88692901
1.55097E+12,43.75,0,7.65,16.12966305,14.5999933,1.104771949,52.4889145
1.55105E+12,45.4,1.65,0,16.62754426,13.55713664,1.226479064,55.08603625
1.55114E+12,44.76,0,0.64,15.43986253,13.22876973,1.167142738,53.85629278
1.55123E+12,45.16,0.4,0,14.7370152,12.28385761,1.199705798,54.53937519
1.55131E+12,45.61,0.45,0,14.13437126,11.40643921,1.239157199,55.34033964
1.5514E+12,47.05,1.44,0,14.56477331,10.59169355,1.375112794,57.89673642
1.55148E+12,48.49,1.44,0,14.96443236,9.835144013,1.521526512,60.34148381
1.55157E+12,47.86,0,0.63,13.89554434,9.762633726,1.423339718,58.73463417
1.55166E+12,45.78,0,2.08,12.90300546,11.14530275,1.157707938,53.65452467
1.55174E+12,52.52,6.74,0,18.72136221,10.34920969,1.808965396,64.39970384
1.55183E+12,55.37,2.85,0,20.23412205,9.609980429,2.105532077,67.79939877
1.55192E+12,56.73,1.36,0,20.14882762,8.923553255,2.257937734,69.30573628
1.552E+12,55.61,0,1.12,18.70962565,9.406156594,1.989082944,66.54492301
1.55209E+12,57.78,2.17,0,19.54322381,8.734288266,2.23752906,69.11224636
1.55218E+12,56.59,0,1.19,18.14727926,9.300410533,1.951234216,66.1158713
1.55226E+12,54.82,0,1.77,16.85104502,10.40609549,1.619343685,61.82249753
1.55235E+12,56.58,1.76,0,17.40739895,9.662802959,1.801485451,64.30465132
1.55244E+12,55.29,0,1.29,16.16401331,10.26260275,1.575040339,61.16565691
1.55252E+12,55.94,0.65,0,15.65944093,9.529559695,1.643249157,62.1677738
1.55261E+12,58.52,2.58,0,17.12090944,8.848876859,1.934811582,65.92626232
1.55269E+12,61.21,2.69,0,18.58798733,8.216814226,2.26218907,69.34573752
1.55278E+12,60.47,0,0.74,17.26027395,8.369898925,2.062184276,67.34357211
1.55287E+12,59.17,0,1.3,16.02739724,9.072049001,1.766678866,63.85558106
1.55295E+12,59.52,0.35,0,15.23258315,8.424045501,1.8082266,64.39033801
1.55304E+12,60.27,0.75,0,14.8945415,7.822327965,1.904105985,65.56599501
1.55313E+12,58.54,0,1.73,13.83064568,8.993590254,1.537833645,60.59631402
1.55321E+12,59.26,0.72,0,13.56274242,8.35119095,1.624048893,61.89095399
1.5533E+12,60.89,1.63,0,14.2239751,7.754677311,1.834244615,64.71723031
1.55339E+12,59.82,0,1.07,13.20797688,8.270771788,1.596946115,61.49323261
1.55347E+12,59.04,0,0.78,12.26454996,8.460002375,1.44970999,59.17884141
1.55356E+12,58.79,0,0.25,11.38851068,8.105716491,1.40499741,58.41991364
1.55364E+12,61.44,2.65,0,13.22504563,7.526736742,1.75707562,63.72968544
1.55373E+12,60.5,0,0.94,12.28039951,7.929112689,1.548773487,60.76544248
1.55382E+12,61.45,0.95,0,12.35322812,7.362747497,1.677801408,62.65593121
1.5539E+12,60.45,0,1,11.47085468,7.836836961,1.463709751,59.41080318
1.55399E+12,60.48,0.03,0,10.68150792,7.277062892,1.467832294,59.47860791
1.55408E+12,60.45,0,0.03,9.918543067,6.787272686,1.46134442,59.3717973
1.55416E+12,76.78,16.33,0,25.5400757,6.302467494,4.052393087,80.20739909
1.55425E+12,85.19,8.41,0,32.12578458,5.852291244,5.489437084,84.59034294
1.55434E+12,84.7,0,0.49,29.83108568,5.924270441,5.035402414,83.43109653
1.55442E+12,88.24,3.54,0,31.24029385,5.501108267,5.67890911,85.02749501
1.55451E+12,92.21,3.97,0,32.97884429,5.108171962,6.456095162,86.58815401
1.5546E+12,91.55,0,0.66,30.62321255,5.403302536,5.667499154,85.00187286
1.55468E+12,88.57,0,2.98,28.43584023,7.997352355,3.555656793,78.0492683
1.55477E+12,86.17,0,2.4,26.40470878,9.826112901,2.687197781,72.87913317
1.55485E+12,88.16,1.99,0,26.50865816,9.124247694,2.905297954,74.39375915
1.55494E+12,78.88,0,9.28,24.61518257,17.75251572,1.386574329,58.09893756
1.55503E+12,78.47,0,0.41,22.85695525,16.89447888,1.352924551,57.4996997
1.55511E+12,77.62,0,0.85,21.22431559,16.53773039,1.283387447,56.20541747
1.5552E+12,83.28,5.66,0,25.36829304,15.35646393,1.651961881,62.29206735
1.55529E+12,78.07,0,5.21,23.55627211,19.46957365,1.209901795,54.74912043
1.55537E+12,80.27,2.2,0,24.07368125,18.07888982,1.331590683,57.11082536
1.55546E+12,78.77,0,1.5,22.35413259,18.28754055,1.222369543,55.00298306
1.55555E+12,81.68,2.91,0,23.66740883,16.98128765,1.39373464,58.22427502
1.55563E+12,82.05,0.37,0,22.34687963,15.76833853,1.417199382,58.62980906
1.55572E+12,81.15,0,0.9,20.75067394,15.54202864,1.335132911,57.17588514
1.5558E+12,76.65,0,4.5,19.26848295,18.93188373,1.017779489,50.44057065
1.55589E+12,76.51,0,0.14,17.89216273,17.71960632,1.009738163,50.24227442
1.55598E+12,73.7,0,2.81,16.61415111,19.26392016,0.862449126,46.30725823
1.55606E+12,72.85,0,0.85,15.42742603,18.73792586,0.823326239,45.15517967
1.55615E+12,71.78,0,1.07,14.32546703,18.46950259,0.775628199,43.68190365
1.55624E+12,73.82,2.04,0,15.34221938,17.1502524,0.894576886,47.21776627
1.55632E+12,72.23,0,1.59,14.24634657,17.51523437,0.81336888,44.85402221
1.55641E+12,69.89,0,2.34,13.22875039,18.6041462,0.711064633,41.55685409
1.5565E+12,67.87,0,2.02,12.28383965,19.29527862,0.636624114,38.89861504
1.55658E+12,74.32,6.45,0,17.85642253,17.91704443,0.996616523,49.91526974
1.55667E+12,73.36,0,0.96,16.58096378,17.59725554,0.942247144,48.51324647
1.55676E+12,73.68,0.32,0,15.71660922,16.34030872,0.961830617,49.02719984
1.55684E+12,79.22,5.54,0,20.13399428,15.17314381,1.326949413,57.02527978
1.55693E+12,77.77,0,1.45,18.69585183,15.53934782,1.203129761,54.61002716
1.55701E+12,75.7,0,2.07,17.36043384,16.49939441,1.052186123,51.27147637
1.5571E+12,74.94,0,0.76,16.12040285,16.08086624,1.002458612,50.06138984
1.55719E+12,74.61,0,0.33,14.96894551,15.26223293,0.980783452,49.51492558
1.55727E+12,74.44,0,0.17,13.89973511,14.34207344,0.969157993,49.21687323
1.55736E+12,74.19,0,0.25,12.90689689,13.56763962,0.951300097,48.75211653
1.55745E+12,77.11,2.92,0,14.90497568,12.5985225,1.183073307,54.19301785
1.55753E+12,86.59,9.48,0,23.32033456,11.69862804,1.99342474,66.59344775
1.55762E+12,84.73,0,1.86,21.65459638,12.72301175,1.702002388,62.9904102
1.55771E+12,87.16,2.43,0,22.5378395,11.8142252,1.907686634,65.6083985
1.55779E+12,91.17,4.01,0,24.93799382,10.97035197,2.273217294,69.4490188
1.55788E+12,102.02,10.85,0,34.00670854,10.1867554,3.338325817,76.94963352
1.55796E+12,95.49,0,6.53,31.57765793,15.98913001,1.974945348,66.38593711
1.55805E+12,89.76,0,5.73,29.32211094,20.5770493,1.424991043,58.76273428
1.55814E+12,86.51,0,3.25,27.22767444,22.35726006,1.217844869,54.91118364
1.55822E+12,94.58,8.07,0,33.35284055,20.76031292,1.606567333,61.63536666
1.55831E+12,91.1,0,3.48,30.9704948,22.75743342,1.360895767,57.64319568
1.5584E+12,90.79,0,0.31,28.7583166,21.44190246,1.341220381,57.28723328
1.55848E+12,87.74,0,3.05,26.70415113,22.960338,1.163055663,53.76910464
1.55857E+12,88.61,0.87,0,25.66671176,21.32031386,1.203861816,54.62510432
1.55866E+12,100.5,11.89,0,35.72337521,19.7974343,1.804444691,64.34231692
1.55874E+12,102.66,2.16,0,35.33170555,18.38333185,1.921942434,65.77619092
1.55883E+12,111,8.34,0,41.1480123,17.07023672,2.410512108,70.6788902
1.55892E+12,116.3,5.3,0,43.50886856,15.85093409,2.744877261,73.29685514
1.559E+12,114.81,0,1.49,40.40109224,16.20872451,2.492552218,71.36764355
1.55909E+12,115.06,0.25,0,37.76529993,15.05095848,2.509162456,71.50317169
1.55917E+12,107.78,0,7.28,35.06777851,21.25589002,1.649791116,62.26117621
1.55926E+12,114.6,6.82,0,39.38293719,19.73761216,1.995324301,66.61463336
1.55935E+12,112.35,0,2.25,36.56987025,20.57778272,1.777153095,63.99190229
1.55943E+12,114.39,2.04,0,35.99773666,19.10794109,1.88391499,65.3249141
1.55952E+12,105.99,0,8.4,33.42646975,26.14308816,1.278596834,56.11334199
1.55961E+12,102.2,0,3.79,31.03886477,28.06572472,1.105934911,52.5151516
1.55969E+12,103.66,1.46,0,30.281803,26.0610301,1.161957255,53.7456165
1.55978E+12,111.19,7.53,0,35.64881707,24.19952795,1.47312035,59.56525124
1.55987E+12,116.71,5.52,0,38.622473,22.47099024,1.718770405,63.21866686
1.55995E+12,118.01,1.3,0,37.16372492,20.86591951,1.781072956,64.0426549
1.56004E+12,114.66,0,3.35,34.50917314,22.72549668,1.518522285,60.29417702
1.56012E+12,129.15,14.49,0,46.53423221,21.10224692,2.205179021,68.80049465
1.56021E+12,135.69,6.54,0,49.75035848,19.59494357,2.538938594,71.74294005
1.5603E+12,135.32,0,0.37,46.19676144,18.56530474,2.48833844,71.33305678
1.56038E+12,130.55,0,4.77,42.89699277,22.00921155,1.949047229,66.09074313
1.56047E+12,132,1.45,0,41.28292186,20.43712501,2.019996543,66.88737931
1.56056E+12,137.54,5.54,0,43.87414172,18.97733036,2.3119238,69.8060686
1.56064E+12,136.45,0,1.09,40.74027446,18.71180677,2.177249635,68.52623763
1.56073E+12,133.8,0,2.65,37.83025485,20.02524914,1.8891278,65.38747784
1.56082E+12,135.22,1.42,0,36.54809379,18.5948742,1.965492931,66.27879333
1.5609E+12,136.43,1.21,0,35.14751566,17.2666689,2.035570142,67.05725932
1.56099E+12,135.46,0,0.97,32.63697883,17.00333541,1.919445688,65.7469223
1.56108E+12,138.28,2.82,0,33.12576606,15.78881145,2.098053179,67.72166447
1.56116E+12,142.26,3.98,0,34.73963991,14.6610392,2.369520975,70.32219098
1.56125E+12,137.5,0,4.76,32.25823706,18.37382212,1.755662858,63.71109053
1.56133E+12,135.77,0,1.73,29.95407727,18.79140625,1.594030636,61.44995414
1.56142E+12,136.33,0.56,0,28.37450032,17.44916295,1.626123866,61.92106501
1.56151E+12,132.25,0,4.08,26.3477503,20.28279417,1.299019754,56.50320107
1.56159E+12,116.01,0,16.24,24.46576813,35.07402316,0.697546672,41.09145767
1.56168E+12,120.01,4,0,26.71821327,32.56873579,0.820363843,45.06592715
1.56177E+12,133.86,13.85,0,38.65976946,30.24239752,1.27833018,56.10820553
1.56185E+12,123.25,0,10.61,35.89835736,38.69222627,0.927792501,48.12719731
1.56194E+12,123.17,0,0.08,33.33418898,36.00849582,0.925731226,48.07167342
1.56203E+12,118.77,0,4.4,30.95317548,37.8364604,0.81807799,44.99685902
1.56211E+12,121.36,2.59,0,31.33223437,35.13385609,0.891796058,47.14017953
1.5622E+12,119.61,0,1.75,29.09421763,34.37429494,0.8463946,45.84039621
1.56228E+12,118.35,0,1.26,27.01605923,33.17898816,0.814252053,44.88086712
1.56237E+12,118.31,0,0.04,25.08634071,30.84906043,0.813196265,44.84877233
1.56246E+12,119.48,1.17,0,24.46445923,28.64555612,0.854040296,46.06373972
1.56254E+12,122.92,3.44,0,26.15699786,26.59944496,0.983366303,49.58067007
1.56263E+12,119.24,0,3.68,24.28864087,28.37948461,0.855852078,46.11639516
1.56272E+12,108.31,0,10.93,22.55373795,37.28237857,0.604943644,37.69251626
1.5628E+12,102.98,0,5.33,20.94275667,39.94935153,0.524232706,34.39321989
1.56289E+12,104.86,1.88,0,21.32684548,37.09582642,0.574912262,36.50439938
1.56298E+12,101.03,0,3.83,19.80349937,38.27612453,0.517385175,34.09715498
1.56306E+12,89.66,0,11.37,18.3889637,46.91211563,0.391987517,28.16027528
1.56315E+12,90.43,0.77,0,17.8454663,43.56125023,0.409663777,29.06109837
1.56324E+12,79.61,0,10.82,16.57079013,51.26973236,0.323208048,24.4260945
1.56332E+12,89.95,10.34,0,25.72716226,47.60760862,0.540400222,35.08180629
1.56341E+12,101.16,11.21,0,35.09950782,44.20706515,0.793979598,44.258006
1.56349E+12,98.23,0,2.93,32.59240012,43.97941764,0.741083031,42.56448531
1.56358E+12,100.25,2.02,0,32.28437154,40.83803066,0.790546728,44.1511364
1.56367E+12,99.7,0,0.55,29.978345,38.47102847,0.779244699,43.79637603
1.56375E+12,95.31,0,4.39,27.83703464,40.11309787,0.693963721,40.96685851
1.56384E+12,90.15,0,5.16,25.84867502,42.40787659,0.609525331,37.86988122
1.56393E+12,94.5,4.35,0,28.35234109,39.37874255,0.719991022,41.86016164
1.56401E+12,93.22,0,1.28,26.32717387,37.84597522,0.695639991,41.02521731
1.5641E+12,94.06,0.84,0,25.28666145,35.14269128,0.719542543,41.84499802
1.56419E+12,88.79,0,5.27,23.48047135,37.90249904,0.619496654,38.25241952
1.56427E+12,90,1.21,0,23.01329482,35.19517768,0.653876364,39.5359882
1.56436E+12,90.33,0.33,0,21.69948805,32.68123642,0.663973901,39.90290358
1.56444E+12,90.15,0,0.18,20.14952462,30.52686239,0.660058815,39.76117045
1.56453E+12,98.76,8.61,0,27.32027286,28.34637222,0.963801387,49.07835351
1.56462E+12,98.64,0,0.12,25.3688248,26.44163135,0.959427369,48.96468143
1.5647E+12,94.76,0,3.88,23.55676588,28.43294339,0.828502542,45.31043972
1.56479E+12,94.17,0,0.59,21.87413975,26.99201887,0.810392874,44.76337075
1.56488E+12,92.64,0,1.53,20.3117012,26.59401752,0.763769565,43.30325119
1.56496E+12,96.56,3.92,0,22.7808654,24.69444484,0.92250972,47.98465831
1.56505E+12,92.99,0,3.57,21.15366073,26.50055592,0.798234603,44.38990338
1.56514E+12,90.59,0,2.4,19.64268496,27.00765907,0.727300538,42.10619529
1.56522E+12,90.15,0,0.44,18.23963603,25.51854056,0.714760156,41.6828064
1.56531E+12,84.24,0,5.91,16.93680489,29.60578767,0.572077496,36.3899043
1.5654E+12,85.46,1.22,0,16.94703311,27.49108855,0.616455514,38.13624986
1.56548E+12,89.93,4.47,0,20.20653075,25.52743937,0.791561208,44.18276108
1.56557E+12,85.79,0,4.14,18.76320712,27.84405084,0.673867722,40.25812275
1.56565E+12,84.88,0,0.91,17.42297804,26.76519007,0.650956634,39.42905712
1.56574E+12,75.9,0,8.98,16.17847961,33.83339078,0.478180851,32.34927925
1.56583E+12,76.25,0.35,0,15.37287392,31.41672001,0.489321416,32.85532665
1.56591E+12,74.67,0,1.58,14.2748115,30.75266858,0.464181229,31.70244365
1.566E+12,72.65,0,2.02,13.25518211,30.57604939,0.433515198,30.24140927
1.56609E+12,76.25,3.6,0,15.90838339,28.39204586,0.560311274,35.91022402
1.56617E+12,77.1,0.85,0,15.62207029,26.36404259,0.592552156,37.20770802
1.56626E+12,75.14,0,1.96,14.50620812,26.44089669,0.548627692,35.42670035
1.56635E+12,73.27,0,1.87,13.4700504,26.42226121,0.509799305,33.76603124
1.56643E+12,73.31,0.04,0,12.54790394,24.53495684,0.511429632,33.83747553
1.56652E+12,75.38,2.07,0,13.72162509,22.78245992,0.602289004,37.58928647
1.5666E+12,73.32,0,2.06,12.74150901,23.21514136,0.548844774,35.43575078
1.56669E+12,72.1,0,1.22,11.83140123,22.77691697,0.519447001,34.18658242
1.56678E+12,73.54,1.44,0,12.42630114,21.14999433,0.587532126,37.00914876
1.56686E+12,72.9,0,0.64,11.5387082,20.27928045,0.56899002,36.26473165
1.56695E+12,66.73,0,6.17,10.71451476,25.00076042,0.428567555,29.99981018
1.56704E+12,63.59,0,3.14,9.949192274,26.35499182,0.377506938,27.40508435
1.56712E+12,64.17,0.58,0,9.818535683,24.4724924,0.401207017,28.63295804
1.56721E+12,64.24,0.07,0,9.187211706,22.72445723,0.404287399,28.78950557
1.5673E+12,65.89,1.65,0,10.1809823,21.10128171,0.482481701,32.54554176
1.56738E+12,66.92,1.03,0,10.48376928,19.59404731,0.535048687,34.85548643
1.56747E+12,69.06,2.14,0,11.87492861,18.1944725,0.652666826,39.49173637
1.56756E+12,67.01,0,2.05,11.02671943,18.94486732,0.582042579,36.79057609
1.56764E+12,65.23,0,1.78,10.23909661,19.37166251,0.528560551,34.57897371
1.56773E+12,64.87,0,0.36,9.507732568,18.34797233,0.518189825,34.1320839
1.56781E+12,68.77,3.9,0,12.72860881,17.03740288,0.747097953,42.76222473
1.5679E+12,70.36,1.59,0,13.40942247,15.82044553,0.847600811,45.87575445
1.56799E+12,69.89,0,0.47,12.45160658,15.16041371,0.821323667,45.09487698
1.56807E+12,70.85,0.96,0,12.52220611,14.07752701,0.889517463,47.07643513
1.56816E+12,69.8,0,1.05,11.62776281,14.12198937,0.823379944,45.15679503
1.56825E+12,69.15,0,0.65,10.79720833,13.76327584,0.784494073,43.96170797
1.56833E+12,68.93,0,0.22,10.02597916,13.00018471,0.771218208,43.54168248
1.56842E+12,70.5,1.57,0,10.87983779,12.07160009,0.901275532,47.40373064
1.56851E+12,70.04,0,0.46,10.10270652,11.66934294,0.865747675,46.40218432
1.56859E+12,72.63,2.59,0,11.97108463,10.83581844,1.104769768,52.48886528
1.56868E+12,74.04,1.41,0,12.52600715,10.06183141,1.244903302,55.45465148
1.56876E+12,77.81,3.77,0,15.40129236,9.343129169,1.648408374,62.24147265
1.56885E+12,76.56,0,1.25,14.30120005,9.9257628,1.440816221,59.03009856
1.56894E+12,75.05,0,1.51,13.27968576,10.72677974,1.237993701,55.31712179
1.56902E+12,73.22,0,1.83,12.33113677,11.79058119,1.04584639,51.12047489
1.56911E+12,72.23,0,0.99,11.45034129,11.93839682,0.959118839,48.95664416
1.5692E+12,66.54,0,5.69,10.63245977,16.77565419,0.633802989,38.7931099
1.56928E+12,54.57,0,11.97,9.872998358,27.54739318,0.358400459,26.38400603
1.56937E+12,57.43,2.86,0,12.02778419,25.57972223,0.470207772,31.9824028
1.56946E+12,55.19,0,2.24,11.16865675,25.99259922,0.429686029,30.05457285
1.56954E+12,55.86,0.67,0,11.04089555,24.13598499,0.45744541,31.38679548
1.56963E+12,55.37,0,0.49,10.25226015,22.90198606,0.447658126,30.92291735
1.56972E+12,53.82,0,1.55,9.519955858,22.81612991,0.417246741,29.44065625
1.5698E+12,55.99,2.17,0,11.00995901,21.18640635,0.519670907,34.19627926
1.56989E+12,55.63,0,0.36,10.22353337,20.03309161,0.510332283,33.78940439
1.56997E+12,56.23,0.6,0,10.09328098,18.60215649,0.542586607,35.17381811
1.57006E+12,56.44,0.21,0,9.582332342,17.27343103,0.554744007,35.68072972
1.57015E+12,56.3,0,0.14,8.897880032,16.17961453,0.549943883,35.48153509
1.57023E+12,56.69,0.39,0,8.652317173,15.02392778,0.575902474,36.54429658
1.57032E+12,54.41,0,2.28,8.034294517,16.23079008,0.495003292,33.11051518
1.57041E+12,57.46,3.05,0,10.51041634,15.07144793,0.6973727,41.08541984
1.57049E+12,56.94,0,0.52,9.759672313,14.51491593,0.672389172,40.20530529
1.57058E+12,59.12,2.18,0,11.24255286,13.47813622,0.834132604,45.47831504
1.57067E+12,57.47,0,1.65,10.43951337,14.16541221,0.736972085,42.42855089
1.57075E+12,55.85,0,1.62,9.693833846,14.77359705,0.656159351,39.61933677
1.57084E+12,55.7,0,0.15,9.001417142,13.86834012,0.649062329,39.35947828
1.57092E+12,56.46,0.76,0,9.118458775,12.8777444,0.708078876,41.45469427
1.57101E+12,56.83,0.37,0,8.837140291,11.95790551,0.739020749,42.4963733
1.5711E+12,54.58,0,2.25,8.205915985,13.3537694,0.614501849,38.06139022
1.57118E+12,52.45,0,2.13,7.619779129,14.52992873,0.52441958,34.40126243
1.57127E+12,54.94,2.49,0,9.565509191,13.49207668,0.708972341,41.48530226
1.57136E+12,53.21,0,1.73,8.882258534,14.25835692,0.622951059,38.38384745
1.57144E+12,53.72,0.51,0,8.757811496,13.23990285,0.661470979,39.81237031
1.57153E+12,54.85,1.13,0,9.262253532,12.2941955,0.753384272,42.96743641
1.57162E+12,54.57,0,0.28,8.600663994,11.69603868,0.735348457,42.37468584
1.5717E+12,53.39,0,1.18,7.986330852,12.04060735,0.663283057,39.87794226
1.57179E+12,49.5,0,3.89,7.415878648,15.07056397,0.492077049,32.97933237
1.57188E+12,49.54,0.04,0,6.92617303,13.99409511,0.494935398,33.10747732
1.57196E+12,56.93,7.39,0,13.82144639,12.99451689,1.063636802,51.54186051
1.57205E+12,56.71,0,0.22,12.83420021,12.28633711,1.044591248,51.09046852
1.57213E+12,59.78,3.07,0,14.98747163,11.4087416,1.313683152,56.77887012
1.57222E+12,57.7,0,2.08,13.91693794,12.67383149,1.098084502,52.3374774
1.57231E+12,59.75,2.05,0,14.97287094,11.76855781,1.272277469,55.99129007
1.57239E+12,57.89,0,1.86,13.90338016,12.78794654,1.08722539,52.08950577
1.57248E+12,58.29,0.4,0,13.31028158,11.87452179,1.120910957,52.85044869
1.57257E+12,58.23,0,0.06,12.35954718,11.08634166,1.114844514,52.71519995
1.57265E+12,58.25,0.02,0,11.49672238,10.29446011,1.116787307,52.75859805
1.57274E+12,58.29,0.04,0,10.71552793,9.559141532,1.120971783,52.85180086
1.57283E+12,61.29,3,0,12.95013307,8.876345708,1.458948705,59.33221388
1.57291E+12,63.12,1.83,0,13.85512357,8.242321015,1.680973544,62.70011682
1.573E+12,64.11,0.99,0,13.85547189,7.653583799,1.810324712,64.41692322
1.57308E+12,61.39,0,2.72,12.86579532,9.826899242,1.309242621,56.69575857
1.57317E+12,60.38,0,1.01,11.94680994,10.13497787,1.178770205,54.10254842
1.57326E+12,62.04,1.66,0,12.75346638,9.411050877,1.355158583,57.5400142
1.57334E+12,63.65,1.61,0,13.45250449,8.738832958,1.53939371,60.62052151
1.57343E+12,61.84,0,1.81,12.49161131,9.924630603,1.258647481,55.72571602
1.57352E+12,61.42,0,0.42,11.59935336,9.635728417,1.203785833,54.62353987
1.5736E+12,60.96,0,0.46,10.77082812,9.407462102,1.144923892,53.37829916
1.57369E+12,59,0,1.96,10.00148326,10.69550052,0.935111287,48.32338549
1.57378E+12,57.6,0,1.4,9.287091595,11.3315362,0.81957922,45.04223893
1.57386E+12,58.3,0.7,0,9.32372791,10.52214076,0.886105606,46.98069944
1.57395E+12,59.22,0.92,0,9.577747345,9.770559275,0.980266029,49.50173435
1.57404E+12,55.81,0,3.41,8.893622534,12.48266218,0.712478028,41.60509018
1.57412E+12,55.13,0,0.68,8.258363782,12.27104346,0.672996051,40.22699577
1.57421E+12,54.98,0,0.15,7.668480655,11.54454035,0.664251709,39.91293536
1.57429E+12,50.61,0,4.37,7.120732036,15.08993033,0.471886343,32.05997156
1.57438E+12,47.32,0,3.29,6.61210832,17.30207816,0.382156886,27.6493132
1.57447E+12,48.1,0.78,0,6.919814868,16.06621544,0.430705968,30.10443638
1.57455E+12,43.86,0,4.24,6.425542378,19.15862862,0.335386342,25.11530422
1.57464E+12,45.47,1.61,0,7.576575065,17.79015515,0.425885834,29.86815802
1.57473E+12,46.91,1.44,0,8.475391132,16.51942978,0.513055913,33.90858915
1.57481E+12,47.7,0.79,0,8.660006051,15.33947051,0.564557039,36.08414554
1.5749E+12,46.79,0,0.91,8.04143419,15.15379404,0.530654842,34.66848487
1.57499E+12,48.54,1.75,0,9.217046034,14.07138018,0.655020752,39.57779692
1.57507E+12,47.21,0,1.33,8.558685603,14.3962816,0.594506682,37.28467799
1.57516E+12,47.45,0.24,0,8.187350917,13.36797577,0.612460036,37.98295909
1.57524E+12,45.45,0,2,7.602540137,14.41312036,0.527473576,34.53241904
1.57533E+12,44.75,0,0.7,7.059501556,14.08361176,0.501256473,33.38912983
1.57542E+12,44.67,0,0.08,6.555251445,13.15763949,0.498208774,33.25362812
1.5755E+12,44.81,0.14,0,6.227019199,12.2178081,0.509667458,33.7602467
1.57559E+12,45.28,0.47,0,6.252232113,11.34510752,0.551095007,35.52941662
1.57568E+12,45.15,0,0.13,5.805644105,10.6647427,0.544377325,35.24898458
1.57576E+12,45.56,0.41,0,5.80095524,9.902975363,0.585779024,36.93951143
1.57585E+12,44.45,0,1.11,5.386601295,10.30561998,0.522685807,34.32656984
1.57594E+12,44.09,0,0.36,5.001844059,9.929504267,0.503735526,33.4989443
1.57602E+12,43.7,0,0.39,4.644569484,9.610253962,0.483293106,32.58244131
1.57611E+12,43.65,0,0.05,4.31281452,8.973807251,0.480600307,32.4598276
1.5762E+12,44.44,0.79,0,4.79475634,8.332821018,0.575406136,36.52430459
1.57628E+12,43.25,0,1.19,4.452273745,8.927619517,0.498707829,33.27585398
1.57637E+12,43.44,0.19,0,4.324254191,8.289932409,0.521627195,34.28088016
1.57645E+12,39.99,0,3.45,4.015378892,11.14779438,0.360194919,26.48112516
1.57654E+12,36.92,0,3.07,3.728566114,13.42152335,0.277804987,21.74079687
1.57663E+12,40.79,3.87,0,7.332239963,12.46284311,0.588328032,37.04071327
1.57671E+12,39.65,0,1.14,6.808508537,12.71264003,0.535569993,34.87760217
1.5768E+12,40.17,0.52,0,6.842186499,11.80459432,0.579620639,36.69366078
1.57689E+12,39.67,0,0.5,6.353458892,11.46140901,0.554334889,35.66380019
1.57697E+12,41.82,2.15,0,8.049640399,10.64273694,0.756350594,43.06375939
1.57706E+12,40.56,0,1.26,7.474666085,11.14254144,0.670822373,40.14923331
1.57715E+12,40.34,0,0.22,6.940761365,10.56664562,0.656855696,39.64471363
1.57723E+12,40.08,0,0.26,6.444992696,10.07188522,0.639899339,39.02064741
1.57732E+12,40.01,0,0.07,5.984636075,9.422464849,0.635145492,38.84336258
1.5774E+12,40.95,0.94,0,6.497162069,8.749431646,0.742581042,42.6138598
1.57749E+12,42.83,1.88,0,7.913079064,8.124472242,0.973980688,49.3409431
1.57758E+12,43.08,0.25,0,7.597859131,7.544152796,1.007118935,50.17734214
1.57766E+12,42.38,0,0.7,7.055154908,7.70528474,0.915625463,47.79772877
1.57775E+12,41.3,0,1.08,6.551215271,8.234907258,0.795542083,44.3065128
1.57784E+12,41.62,0.32,0,6.403271323,7.646699597,0.837390202,45.57497919
1.57792E+12,39.43,0,2.19,5.9458948,9.290506768,0.639996821,39.02427206
1.57801E+12,42.23,2.8,0,8.321188029,8.626899142,0.964563036,49.09809552
1.5781E+12,42.78,0.55,0,8.276817455,8.010692061,1.033221274,50.81696159
1.57818E+12,43.3,0.52,0,8.205616209,7.438499771,1.103127843,52.45177305
1.57827E+12,45.8,2.5,0,10.11950077,6.907178358,1.46507014,59.43320299
1.57836E+12,46.3,0.5,0,9.896679282,6.413808476,1.543026942,60.67678312
1.57844E+12,45.35,0,0.95,9.189773619,6.905679299,1.330755922,57.09546458
1.57853E+12,44.74,0,0.61,8.533361218,7.022416492,1.215160227,54.85653869
1.57861E+12,49.06,4.32,0,12.24383542,6.520815314,1.87765407,65.24947143
1.5787E+12,49.3,0.24,0,11.60927574,6.055042791,1.917290454,65.72161683
1.57879E+12,51.43,2.13,0,12.91004176,5.622539735,2.296122815,69.66132465
1.57887E+12,49.6,0,1.83,11.98789592,7.050929754,1.700186549,62.96552175
1.57896E+12,58.39,8.79,0,19.92161764,6.547291914,3.042726352,75.26421744
1.57905E+12,58.16,0,0.23,18.49864495,6.309628206,2.9318122,74.5664353
1.57913E+12,57.56,0,0.6,17.17731317,6.458940477,2.659462993,72.67358621
1.57922E+12,61.02,3.46,0,19.41036223,5.997587586,3.236361612,76.39483851
1.57931E+12,59.32,0,1.7,18.02390778,7.269188473,2.479493805,71.26018737
1.57939E+12,57.6,0,1.72,16.7364858,8.469960725,1.975981512,66.39764071
1.57948E+12,57.19,0,0.41,15.54102253,8.27496353,1.878077465,65.25458358
1.57956E+12,57.57,0.38,0,14.81094949,7.683894706,1.927531552,65.84152956
1.57965E+12,58.33,0.76,0,14.51302453,7.135045084,2.034048048,67.0407329
1.57974E+12,54.52,0,3.81,13.47637992,10.43539901,1.291410123,56.35875089
1.57982E+12,54.38,0,0.14,12.51378135,9.830013364,1.273017736,56.00562264
1.57991E+12,53.25,0,1.13,11.61993983,10.25786955,1.132782959,53.1129037
1.58E+12,56.24,2.99,0,13.77994413,9.525164584,1.446688296,59.12842672
1.58008E+12,58.55,2.31,0,15.1056624,8.844795685,1.707858829,63.07045296
1.58017E+12,60.52,1.97,0,15.99668652,8.213024565,1.947721742,66.07549534
1.58026E+12,59.8,0,0.72,14.85406605,8.346379953,1.779701635,64.02491594
1.58034E+12,67.98,8.18,0,21.97306133,7.750209956,2.835156913,73.92544757
1.58043E+12,68,0.02,0,20.42355695,7.196623531,2.837935994,73.94432837
1.58052E+12,70.72,2.72,0,21.68473146,6.682578993,3.244964478,76.44267684
1.5806E+12,69.93,0,0.79,20.13582207,6.995251922,2.878498486,74.21682634
1.58069E+12,69.65,0,0.28,18.69754906,6.77559107,2.759545089,73.40103719
1.58077E+12,68.07,0,1.58,17.36200984,7.87162028,2.205646262,68.80504215
1.58086E+12,72.59,4.52,0,20.64186628,7.309361688,2.824031313,73.84958652
1.58095E+12,73.6,1.01,0,20.17744726,6.787264425,2.972839424,74.82908587
1.58103E+12,74.3,0.7,0,19.43620103,6.302459823,3.083907169,75.51364518
1.58112E+12,76.56,2.26,0,20.30790096,5.852284121,3.470081174,77.6290416
1.58121E+12,77,0.44,0,19.2973366,5.434263827,3.551048903,78.02704341
1.58129E+12,74.02,0,2.98,17.91895542,8.026102125,2.232585025,69.06500549
1.58138E+12,76.46,2.44,0,19.07903003,7.452809116,2.559978356,71.90994158
1.58147E+12,81.17,4.71,0,22.42624217,6.920465608,3.240568401,76.41825563
1.58155E+12,80.55,0,0.62,20.82436773,7.046146636,2.955426392,74.71827558
1.58164E+12,83.14,2.59,0,21.92691289,6.542850448,3.351278325,77.01824785
1.58172E+12,76.7,0,6.44,20.36070483,12.51550399,1.626838587,61.93142568
1.58181E+12,74.67,0,2.03,18.90636877,13.65153942,1.384925772,58.06997385
1.5819E+12,73.41,0,1.26,17.55591386,13.93642946,1.259713897,55.74661016
1.58198E+12,77.25,3.84,0,20.14192001,12.94097021,1.556445899,60.88319332
1.58207E+12,70.61,0,6.64,18.70321144,18.6566152,1.002497572,50.06236143
1.58216E+12,69.4,0,1.21,17.36726776,18.53399982,0.937049095,48.37508236
1.58224E+12,73.25,3.85,0,19.97674864,17.21014269,1.160754387,53.71986719
1.58233E+12,74.79,1.54,0,20.08983802,15.98084679,1.257119744,55.69574885
1.58242E+12,79.52,4.73,0,23.38484959,14.83935773,1.575866693,61.1781152
1.5825E+12,75.59,0,3.93,21.71450319,17.70940361,1.226156661,55.07953157
1.58259E+12,70.98,0,4.61,20.16346725,21.05444621,0.957682147,48.91918479
1.58268E+12,60.53,0,10.45,18.72321959,30.00055719,0.624095728,38.42727478
1.58276E+12,61.77,1.24,0,18.62584676,27.85766025,0.668607722,40.0697967
1.58285E+12,59.89,0,1.88,17.29542913,27.74782738,0.623307508,38.39737727
1.58293E+12,58.05,0,1.84,16.06004134,27.60583971,0.581762464,36.77938233
1.58302E+12,57.7,0,0.35,14.91289553,25.98399401,0.573926223,36.46462041
1.58311E+12,61.42,3.72,0,17.56768871,24.12799444,0.728103977,42.13311158
1.58319E+12,61.01,0,0.41,16.3128538,22.81456627,0.715019239,41.69161619
1.58328E+12,60.38,0,0.63,15.14764996,21.81495439,0.694370003,40.98101371
1.58337E+12,62.06,1.68,0,15.74567496,20.25674336,0.777305349,43.73504807
1.58345E+12,63.22,1.16,0,15.78098389,18.80983312,0.83897522,45.62188827
1.58354E+12,60.46,0,2.76,14.65377076,20.22627361,0.724491868,42.011904
1.58363E+12,51,0,9.46,13.60707284,28.24153978,0.481810586,32.51499151
1.58371E+12,50.39,0,0.61,12.63513907,26.83428694,0.470858014,32.0124723
1.5838E+12,50.26,0,0.13,11.73262914,25.04755216,0.468414201,31.89932383
1.58388E+12,48.53,0,1.73,10.8945842,24.98844129,0.435984945,30.36138689
1.58397E+12,29.83,0,18.7,10.11639961,41.90355263,0.241421049,19.44715283
1.58406E+12,37.52,7.69,0,17.08379964,38.91044173,0.439054374,30.50992249
1.58414E+12,34.4,0,3.12,15.86352824,39.25112446,0.404154746,28.78277819
1.58423E+12,36.38,1.98,0,16.71041908,36.44747271,0.4584795,31.43544357
1.58432E+12,33.2,0,3.18,15.51681771,37.0240818,0.419100676,29.53283605
1.5844E+12,34.07,0.87,0,15.27847359,34.37950453,0.444406451,30.76740973
1.58449E+12,34.71,0.64,0,14.82715405,31.92382564,0.464454173,31.71517292
1.58458E+12,38.9,4.19,0,17.95807162,29.64355238,0.605800256,37.7257541
1.58466E+12,38.08,0,0.82,16.67535222,28.34615578,0.588275615,37.03863544
1.58475E+12,38.32,0.24,0,15.72425563,26.32143037,0.59739366,37.39802374
1.58484E+12,35.4,0,2.92,14.60109451,27.3613282,0.533639829,34.79564232
1.58492E+12,38.94,3.54,0,17.09815919,25.40694761,0.672971797,40.22612923
1.58501E+12,40.57,1.63,0,17.50686211,23.59216564,0.742062529,42.59677921
1.58509E+12,39.17,0,1.4,16.25637196,23.30701095,0.697488493,41.08943867
1.58518E+12,40.41,1.24,0,16.33520253,21.64222445,0.754783898,43.01292591
1.58527E+12,38.04,0,2.37,15.16840235,22.46635128,0.675160918,40.30424245
1.58535E+12,38.87,0.83,0,14.91494504,20.8616119,0.714946913,41.68915713
1.58544E+12,37.11,0,1.76,13.84959182,21.13149677,0.655400418,39.59165475
1.58553E+12,38.91,1.8,0,14.66033526,19.62210414,0.7471337,42.76339583
1.58561E+12,39.08,0.17,0,13.78316846,18.22052527,0.756463837,43.0674302
1.5857E+12,39.23,0.15,0,12.94865643,16.91905918,0.765329578,43.35335382
1.58579E+12,39.86,0.63,0,12.6537524,15.71055495,0.805430008,44.61153322
1.58587E+12,40.46,0.6,0,12.34991294,14.58837246,0.846558653,45.84520788
1.58596E+12,40.71,0.25,0,11.7177763,13.54634585,0.865013815,46.38109422
1.58604E+12,40.31,0,0.4,10.88079228,12.97874972,0.838354426,45.60352533
1.58613E+12,45.04,4.73,0,14.83359283,12.05169617,1.230830301,55.17364098
1.58622E+12,44.77,0,0.27,13.77405049,11.46086073,1.20183386,54.58331265
1.5863E+12,46.55,1.78,0,14.57018974,10.64222782,1.369092072,57.78973676
1.58639E+12,46.21,0,0.34,13.5294619,10.22206869,1.323554195,56.96248437
1.58648E+12,42.25,0,3.96,12.56307176,13.45192093,0.933923997,48.29165978
1.58656E+12,42.54,0.29,0,11.95570949,12.49106943,0.957140584,48.90505015
1.58665E+12,42,0,0.54,11.10173024,12.13885019,0.914561929,47.76873055
1.58674E+12,41.22,0,0.78,10.30874951,12.05178946,0.85537086,46.10241965
1.58682E+12,41.22,0,0,9.572410261,11.19094735,0.85537086,46.10241965
1.58691E+12,39.22,0,2,8.888666671,12.39159397,0.717314229,41.76953854
1.587E+12,42.53,3.31,0,11.56376191,11.50648012,1.00497822,50.12414649
1.58708E+12,42.19,0,0.34,10.73777892,11.02458868,0.973984538,49.34104191
1.58717E+12,44.14,1.95,0,11.92079471,10.23711806,1.164467835,53.79926725
1.58725E+12,42.23,0,1.91,11.06930937,11.41589534,0.969640054,49.22930217
1.58734E+12,40.21,0,2.02,10.27864442,12.62047425,0.81444201,44.88663764
1.58743E+12,40.59,0.38,0,9.924455529,11.7190118,0.846867953,45.85427731
1.58751E+12,41.8,1.21,0,10.42556585,10.88193953,0.958061366,48.92907764
1.5876E+12,42.98,1.18,0,10.86088257,10.10465813,1.074839191,51.80349377
1.58769E+12,44.53,1.55,0,11.63510525,9.382896838,1.240033376,55.35780803
1.58777E+12,44.38,0,0.15,10.8040263,8.862689921,1.219045955,54.93558853
1.58786E+12,44.52,0.14,0,10.17231014,8.229640641,1.236057634,55.27843357
1.58795E+12,44.46,0,0.06,9.445716555,7.701809167,1.226428278,55.08501173
1.58803E+12,45.69,1.23,0,10.00102252,7.15167994,1.398415841,58.3058124
1.58812E+12,48.81,3.12,0,12.40666376,6.640845659,1.868235523,65.13535963
1.5882E+12,46.33,0,2.48,11.5204735,8.646499541,1.332385833,57.12544701
1.58829E+12,47.07,0.74,0,11.43758253,8.02889243,1.424552967,58.7552834
1.58838E+12,49.2,2.13,0,12.75061235,7.455400114,1.710251919,63.1030609
1.58846E+12,48.05,0,1.15,11.83985433,8.072871534,1.466622413,59.45873211
1.58855E+12,46.96,0,1.09,10.99415045,8.586237853,1.280438608,56.14878662
1.58864E+12,46.54,0,0.42,10.20885398,8.39293515,1.216362786,54.88103274
1.58872E+12,44.94,0,1.6,9.479650129,9.393439782,1.009177719,50.22839489
1.58881E+12,47.37,2.43,0,11.23253226,8.722479797,1.287768218,56.28927825
1.5889E+12,47.69,0.32,0,10.75020853,8.099445526,1.327277095,57.03133064
1.58898E+12,46.95,0,0.74,9.982336492,8.260913703,1.208381645,54.71797177
1.58907E+12,42.06,0,4.89,9.269312457,12.56084844,0.737952735,42.46103591
1.58916E+12,41.51,0,0.55,8.60721871,12.21364498,0.704721541,41.33939321
1.58924E+12,42.18,0.67,0,8.662417373,11.34124177,0.763797964,43.30416407
1.58933E+12,43.18,1,0,9.043673275,10.53115307,0.858754328,46.20052876
1.58941E+12,43.98,0.8,0,9.197696613,9.778927849,0.940562887,48.46856
1.5895E+12,42.74,0,1.24,8.540718283,10.320433,0.827554259,45.28206234
1.58959E+12,43.25,0.51,0,8.440666977,9.583259217,0.880772062,46.83034588
1.58967E+12,43.71,0.46,0,8.297762193,8.898740701,0.932464769,48.25261417
1.58976E+12,45.32,1.61,0,9.315064894,8.263116365,1.127306513,52.99219957
1.58985E+12,45.73,0.41,0,9.059703116,7.672893768,1.180741372,54.14403502
1.58993E+12,44.25,0,1.48,8.412581464,8.604829927,0.977658075,49.43514187
1.59002E+12,42.73,0,1.52,7.811682788,9.510199218,0.821400542,45.09719432
1.59011E+12,44.23,1.5,0,8.753705446,8.830899274,0.991258667,49.78050736
1.59019E+12,43.85,0,0.38,8.128440772,8.580120755,0.947357386,48.64835766
1.59028E+12,42.08,0,1.77,7.547837859,9.737254986,0.775150478,43.66674757
1.59036E+12,42.97,0.89,0,7.898706584,9.041736773,0.873582895,46.62632741
1.59045E+12,42.27,0,0.7,7.334513256,9.095898432,0.806353909,44.63986293
1.59054E+12,43.85,1.58,0,8.390619452,8.446191401,0.993420472,49.8349689
1.59062E+12,44.77,0.92,0,8.711289491,7.842892015,1.11072414,52.62289463
1.59071E+12,44.47,0,0.3,8.089054528,7.582685443,1.066779651,51.61554839
1.5908E+12,47.72,3.25,0,10.76126492,7.041065054,1.528357548,60.44863192
1.59088E+12,45.61,0,2.11,9.992603139,8.648131836,1.155463784,53.60627224
1.59097E+12,48.25,2.64,0,11.91884577,8.030408133,1.484214199,59.74582222
1.59106E+12,45.99,0,2.26,11.06749965,9.716807552,1.139005747,53.24930747
1.59114E+12,47.16,1.17,0,11.44696396,9.02274987,1.268677966,55.9214655
1.59123E+12,47.43,0.27,0,10.89932367,8.378267737,1.300904198,56.53882501
1.59132E+12,46.83,0,0.6,10.12080055,8.379820041,1.207758699,54.7051949
1.5914E+12,46.79,0,0.04,9.397886229,7.821261467,1.201581902,54.57811499
1.59149E+12,46.63,0,0.16,8.726608641,7.422599933,1.175680856,54.03737651
1.59157E+12,46.43,0,0.2,8.103279452,7.092414224,1.142527664,53.3261569
1.59166E+12,45.87,0,0.56,7.524473777,7.145813208,1.05299055,51.29056974
1.59175E+12,46.63,0.76,0,7.747011365,6.635397979,1.167527764,53.86448946
1.59183E+12,43.22,0,3.41,7.19365341,9.57144098,0.751574755,42.9085172
1.59192E+12,44.72,1.5,0,8.179821023,8.887766625,0.920346063,47.92605254
1.59201E+12,45.08,0.36,0,7.955548093,8.252926151,0.963966955,49.08264636
1.59209E+12,44.05,0,1.03,7.387294658,8.693431426,0.849755901,45.93881283
1.59218E+12,43.73,0,0.32,6.859630754,8.392472039,0.817355211,44.97498376
1.59227E+12,43.88,0.15,0,6.519657129,7.79300975,0.83660323,45.55165843
1.59235E+12,44.07,0.19,0,6.243967334,7.236366197,0.862859502,46.31908639
1.59244E+12,43.43,0,0.64,5.797969667,7.359482897,0.787822969,44.06605032
1.59252E+12,42.89,0,0.54,5.383828976,7.373805547,0.73012896,42.20084034
1.59261E+12,43.57,0.68,0,5.679269764,6.847105151,0.829441003,45.3384942
1.5927E+12,43,0,0.57,5.273607638,6.928026211,0.761199146,43.22050393
1.59278E+12,44.3,1.3,0,6.196921378,6.433167196,0.963276904,49.06474995
1.59287E+12,44.18,0,0.12,5.754284137,6.093655254,0.944307464,48.56780531
1.59296E+12,42.65,0,1.53,5.343263841,7.188394164,0.743318149,42.63812369
1.59304E+12,42.35,0,0.3,4.961602138,6.974937438,0.711347189,41.56650348
1.59313E+12,43.09,0.74,0,5.347201986,6.476727621,0.825602418,45.22356072
1.59322E+12,41.06,0,2.03,4.965258987,8.04410422,0.617254433,38.16681038
1.5933E+12,41.37,0.31,0,4.92059763,7.469525347,0.6587564,39.71387241
1.59339E+12,41.87,0.5,0,5.069126371,6.935987822,0.730844186,42.22472431
1.59348E+12,41.17,0,0.7,4.707045916,7.140560121,0.659198415,39.72993279
1.59356E+12,41.77,0.6,0,4.970828351,6.630520112,0.749689054,42.84698772
1.59365E+12,41.05,0,0.72,4.615769183,6.876911532,0.671197988,40.16268525
1.59373E+12,41.14,0.09,0,4.376071384,6.385703566,0.685291971,40.66310069
1.59382E+12,42.11,0.97,0,5.033494857,5.929581883,0.848878548,45.91315902
1.59391E+12,41.58,0,0.53,4.67395951,6.03604032,0.774341996,43.64107922
1.59399E+12,44.06,2.48,0,6.820105259,5.604894582,1.216812405,54.89018387
1.59408E+12,43.39,0,0.67,6.332954883,5.874544969,1.078033263,51.87757493
1.59417E+12,45.35,1.96,0,7.840600963,5.454934614,1.437340961,58.97168202
1.59425E+12,44.33,0,1.02,7.280558037,6.085296428,1.196417976,54.47132509
1.59434E+12,44.3,0,0.03,6.760518177,5.680632397,1.190099571,54.33997553
1.59443E+12,44.69,0.39,0,6.667624022,5.27487294,1.264035001,55.83107153
1.59451E+12,44.7,0.01,0,6.201365163,4.898096302,1.26607661,55.87086529
1.5946E+12,43.92,0,0.78,5.758410509,5.32823228,1.080735637,51.94007436
1.59468E+12,43.88,0,0.04,5.347095472,4.98764426,1.072068334,51.73904337
1.59477E+12,43.33,0,0.55,4.965160081,5.181383956,0.958269089,48.93449497
1.59486E+12,42.09,0,1.24,4.61050579,6.051285102,0.761905234,43.24325844
1.59494E+12,41.9,0,0.19,4.281183948,5.809050452,0.736985155,42.42898409
1.59503E+12,42.45,0.55,0,4.525385094,5.394118277,0.838948066,45.6210853
1.59512E+12,42.64,0.19,0,4.392143302,5.008824114,0.876881121,46.72012047
1.5952E+12,41.94,0,0.7,4.07841878,5.351050963,0.762171545,43.25183591
1.59529E+12,43.77,1.83,0,5.617103153,4.968833037,1.130467277,53.06194041
1.59538E+12,44.96,1.19,0,6.405881499,4.613916392,1.388382657,58.13066231
1.59546E+12,44.94,0,0.02,5.948318535,4.304350935,1.381931591,58.01726616
1.59555E+12,44.11,0,0.83,5.52343864,4.826897297,1.144304157,53.36482481
1.59564E+12,49.16,5.05,0,10.17890731,4.482118918,2.271003401,69.42834117
1.59572E+12,48.1,0,1.06,9.451842501,5.221967567,1.81001555,64.41300833
1.59581E+12,53.28,5.18,0,13.95671089,4.848969884,2.878283683,74.21539831
1.59589E+12,55.75,2.47,0,15.42980297,4.502614892,3.426853804,77.41059352
1.59598E+12,55.16,0,0.59,14.32767419,4.770999543,3.003075993,75.01921018
1.59607E+12,56.75,1.59,0,14.89426889,4.430213861,3.361975145,77.07460573
1.59615E+12,58.13,1.38,0,15.21039254,4.113770014,3.69743386,78.71178116
1.59624E+12,61.65,3.52,0,17.64393593,3.819929299,4.618916883,82.20297576
1.59633E+12,56.77,0,4.88,16.38365479,8.427077206,1.944168113,66.03454825
1.59641E+12,58.48,1.71,0,16.92339374,7.82514312,2.162694468,68.38139093
1.5965E+12,57.61,0,0.87,15.7145799,8.136204325,1.931438699,65.88705743
1.59659E+12,58.88,1.27,0,15.8621099,7.555046874,2.099538252,67.7371299
1.59667E+12,59.03,0.15,0,14.87910205,7.015400668,2.120919782,67.95816394
1.59676E+12,57.17,0,1.86,13.81630905,8.374300621,1.649846319,62.2619624
1.59684E+12,58.46,1.29,0,14.11942983,7.776136291,1.815738473,64.48533805
1.59693E+12,56.96,0,1.5,13.11089913,8.720697984,1.503423138,60.05469532
1.59702E+12,58.27,1.31,0,13.48440634,8.097790985,1.665195652,62.47930243
1.5971E+12,54.1,0,4.17,12.52123445,11.68937734,1.071163509,51.71795971
1.59719E+12,54.52,0.42,0,12.04686056,10.85442182,1.109857417,52.60343226
1.59728E+12,57.14,2.62,0,13.80637052,10.07910597,1.369801107,57.80236591
1.59736E+12,56.78,0,0.36,12.8202012,9.719169834,1.3190634,56.87914353
1.59745E+12,59.85,3.07,0,14.97447254,9.024943417,1.659231737,62.39515398
1.59754E+12,63.87,4.02,0,17.92486736,8.380304601,2.138927905,68.14198891
1.59762E+12,67.22,3.35,0,19.99451969,7.781711416,2.569424465,71.98427899
1.59771E+12,65.4,0,1.82,18.56633972,9.045874886,2.052464792,67.23958938
1.5978E+12,62.12,0,3.28,17.24017259,11.67974097,1.47607491,59.61349974
1.59788E+12,62.8,0.68,0,16.68873169,10.84547375,1.538773877,60.61090713
1.59797E+12,59.2,0,3.6,15.49667943,13.67079706,1.133560784,53.12999716
1.59805E+12,60.21,1.01,0,15.39977376,12.69431155,1.21312398,54.81500318
1.59814E+12,60.55,0.34,0,14.63978992,11.78757501,1.241967911,55.3963286
1.59823E+12,62.02,1.47,0,15.06409064,10.94560537,1.376268386,57.91721146
1.59831E+12,58.34,0,3.68,13.98808416,13.84377641,1.010424016,50.25924919
1.5984E+12,58.1,0,0.24,12.98893529,13.09493524,0.991905271,49.7968094
1.59849E+12,56.1,0,2,12.0611542,14.15958272,0.851801528,45.99853252
1.59857E+12,57.38,1.28,0,12.47964319,13.14818396,0.949153376,48.6956741
1.59866E+12,56.97,0,0.41,11.5882401,12.61902796,0.918314797,47.87091245
1.59875E+12,62.89,5.92,0,16.68050867,11.71766882,1.423534742,58.73795483
1.59883E+12,60.92,0,1.97,15.48904376,12.85069248,1.205308102,54.6548621
1.59892E+12,62.69,1.77,0,16.15268349,11.93278587,1.353638929,57.51259943
1.599E+12,58.06,0,4.63,14.99892039,15.71044402,0.954710151,48.84152008
1.59909E+12,47.28,0,10.78,13.92756893,25.36826945,0.549015334,35.44285987
1.59918E+12,50.32,3.04,0,15.97274258,23.5562502,0.678068132,40.40766398
1.59926E+12,47.83,0,2.49,14.83183239,24.3636609,0.608768627,37.84065755
1.59935E+12,47.92,0.09,0,13.86241579,22.62339941,0.612746809,37.99398675
1.59944E+12,48.84,0.92,0,13.79224324,21.00744231,0.656540812,39.63324099
1.59952E+12,47.47,0,1.37,12.80708301,20.87691072,0.613456808,38.02127239
1.59961E+12,47.82,0.35,0,12.24229136,19.38570281,0.631511351,38.70713804
1.5997E+12,48.67,0.85,0,12.21784198,18.00100975,0.678730924,40.43119206
1.59978E+12,48.96,0.29,0,11.63513898,16.71522334,0.696080378,41.0405301
1.59987E+12,50.8,1.84,0,12.64405763,15.52127882,0.814627311,44.89226554
1.59996E+12,48.15,0,2.65,11.74091065,17.06261604,0.6881073,40.76205937
1.60004E+12,49.08,0.93,0,11.83227418,15.84385775,0.746805125,42.75262962
1.60013E+12,48.31,0,0.77,10.98711174,15.48215363,0.709663009,41.50894097
1.60021E+12,47.76,0,0.55,10.20231804,14.92628551,0.683513526,40.60041784
1.6003E+12,48.85,1.09,0,10.56358104,13.86012226,0.762156411,43.25134853
1.60039E+12,48.54,0,0.31,9.809039535,13.18011353,0.744230276,42.66812052
1.60047E+12,48.52,0,0.02,9.108393854,12.25867685,0.743016067,42.62818231
1.60056E+12,47.09,0,1.43,8.457794293,12.81305707,0.66009183,39.76236845
1.60065E+12,43.16,0,3.93,7.853666129,15.82783871,0.496193212,33.16371228
1.60073E+12,44.47,1.31,0,8.602689977,14.6972788,0.585325358,36.92146568
1.60082E+12,42.96,0,1.51,7.988212121,15.15747317,0.527014762,34.51274836
1.60091E+12,44.92,1.96,0,9.377625541,14.07479652,0.666270772,39.9857444
1.60099E+12,46.02,1.1,0,9.807795146,13.06945391,0.750436492,42.8713921
1.60108E+12,46.03,0.01,0,9.117238349,12.13592149,0.751260492,42.89827216
1.60116E+12,46.05,0.02,0,8.486007039,11.26906995,0.753035261,42.95608183
1.60125E+12,45.23,0,0.82,7.879863679,11.28413639,0.698313403,41.11805287
1.60134E+12,45.69,0.46,0,7.777016273,10.47812664,0.74221438,42.60178246
1.60142E+12,46.24,0.55,0,7.771515111,9.729689026,0.798742395,44.40560232
1.60151E+12,46.25,0.01,0,7.226406889,9.034711238,0.799849237,44.43979087
1.6016E+12,44.88,0,1.37,6.710234968,9.759374721,0.687568124,40.74313293
1.60168E+12,45.51,0.63,0,6.86093247,9.062276527,0.75708708,43.08762431
1.60177E+12,46.69,1.18,0,7.550865865,8.414971061,0.897313349,47.29389321
1.60186E+12,46.34,0,0.35,7.011518303,8.163901699,0.858844038,46.2031252
1.60194E+12,45.99,0,0.35,6.510695568,7.930765864,0.820941594,45.08335668
1.60203E+12,46.55,0.56,0,6.605645884,7.364282588,0.896984303,47.28475094
1.60212E+12,47.21,0.66,0,6.793814035,6.838262403,0.993500049,49.8369714
1.6022E+12,47.78,0.57,0,6.878541604,6.349815088,1.083266443,51.9984588
1.60229E+12,48.88,1.1,0,7.487217204,5.896256868,1.269825479,55.94374946
1.60237E+12,50.48,1.6,0,8.552415975,5.475095663,1.562057816,60.96887456
1.60246E+12,50.58,0.1,0,8.04152912,5.084017401,1.5817273,61.26624219
1.60255E+12,49.89,0,0.69,7.467134183,5.410873301,1.380023846,57.98361425
1.60263E+12,49.79,0,0.1,6.933767455,5.124382351,1.353093306,57.50274766
1.60272E+12,49.53,0,0.26,6.438498351,5.01835504,1.282989804,56.19778949
1.60281E+12,47.6,0,1.93,5.978605612,6.589901109,0.907237531,47.56814588
1.60289E+12,46.93,0,0.67,5.551562354,6.789193887,0.817705673,44.98559282
1.60298E+12,47.54,0.61,0,5.765022186,6.304251466,0.914465772,47.76610716
1.60307E+12,47.99,0.45,0,5.803234887,5.85394779,0.991336974,49.78248216
1.60315E+12,46.88,0,1.11,5.388718109,6.545808662,0.82323184,45.15234003
1.60324E+12,52.98,6.1,0,11.10380967,6.078250901,1.826810024,64.62443562
1.60332E+12,54.35,1.37,0,11.68068041,5.644090122,2.069541796,67.42184774
1.60341E+12,55.42,1.07,0,11.9163461,5.240940828,2.273703613,69.45355725
1.6035E+12,59.23,3.81,0,14.87517852,4.866587911,3.056592995,75.34877171
1.60358E+12,58.84,0,0.39,13.81266577,4.908974489,2.813757903,73.77914316
1.60367E+12,56.82,0,2.02,12.82604678,6.578333454,1.949741051,66.09871908
1.60376E+12,57.91,1.09,0,12.99990058,6.108452493,2.128182318,68.03255378
1.60384E+12,55.77,0,2.14,12.07133626,7.812134458,1.54520334,60.71040831
1.60393E+12,54.87,0,0.9,11.20909795,8.154124854,1.374653706,57.88859667
1.60402E+12,54.01,0,0.86,10.4084481,8.431687364,1.234444264,55.24614257
1.6041E+12,55.72,1.71,0,11.37498752,7.829423981,1.452851135,59.23111739
1.60419E+12,55.6,0,0.12,10.56248841,7.390179411,1.429260079,58.83520219
1.60428E+12,53.8,0,1.8,9.808024954,8.662309453,1.132264439,53.10150178
1.60436E+12,53.96,0.16,0,9.267451743,8.043573064,1.152156096,53.53496888
1.60445E+12,54.67,0.71,0,9.315490904,7.46903213,1.247215267,55.50048032
1.60453E+12,58.95,4.28,0,12.9300987,6.935529835,1.864327456,65.08779058
1.60462E+12,63.2,4.25,0,16.25652022,6.440134847,2.524251526,71.62518077
1.60471E+12,58.9,0,4.3,15.0953402,10.28012522,1.468400422,59.48793433
1.60479E+12,61.02,2.12,0,16.13710162,9.545830557,1.690486912,62.83200652
1.60488E+12,59.23,0,1.79,14.9844515,10.65398552,1.406464414,58.44526127
1.60497E+12,57.93,0,1.3,13.91413354,11.19298655,1.243111789,55.4190743
1.60505E+12,59.27,1.34,0,14.26026686,10.39348751,1.372038677,57.84217139
1.60514E+12,60.72,1.45,0,14.69167637,9.651095547,1.522280688,60.35334192
1.60523E+12,65.96,5.24,0,18.88227091,8.961731579,2.106989117,67.81449943
1.60531E+12,63.85,0,2.11,17.53353727,10.4316079,1.680808697,62.69782319
1.6054E+12,62.28,0,1.57,16.28114176,11.25649305,1.44637781,59.12323942
1.60548E+12,73.84,11.56,0,26.67820306,10.45245783,2.552337785,71.84952387
1.60557E+12,76.32,2.48,0,27.25261713,9.705853697,2.807853691,73.73848679
1.60566E+12,73.42,0,2.9,25.30600162,11.91257843,2.124309339,67.99292607
1.60574E+12,81.53,8.11,0,31.60843007,11.06167997,2.85747103,74.07627971
1.60583E+12,82.53,1,0,30.35068507,10.27155998,2.954827226,74.71444534
1.60592E+12,87.14,4.61,0,32.79277899,9.53787712,3.438163291,77.46815666
1.606E+12,82.87,0,4.27,30.45043763,13.12660018,2.319750523,69.87725453
1.60609E+12,89.03,6.16,0,34.43540638,12.18898588,2.825124805,73.85706216
1.60618E+12,89.25,0.22,0,32.19573449,11.31834404,2.844562278,73.98923654
1.60626E+12,81.75,0,7.5,29.89603917,18.00989089,1.659978917,62.40571706
1.60635E+12,71,0,10.75,27.7606078,27.47347011,1.010451453,50.25992802
1.60644E+12,69.15,0,1.85,25.77770724,27.36107939,0.942130494,48.51015403
1.60652E+12,72.7,3.55,0,27.48644244,25.40671658,1.081857325,51.96596866
1.60661E+12,78.91,6.21,0,31.73312512,23.59195111,1.345082693,57.35758048
1.60669E+12,87.65,8.74,0,38.20647333,21.90681174,1.744045358,63.5574537
1.60678E+12,85.08,0,2.57,35.47743952,22.91203947,1.548419099,60.75998644
1.60687E+12,88.9,3.82,0,36.7633367,21.27546523,1.727968639,63.3426871
1.60695E+12,89,0.1,0,34.23738408,19.75578914,1.733030447,63.41057959
1.60704E+12,79.52,0,9.48,31.79185664,27.82466134,1.142578386,53.32726183
1.60713E+12,83.14,3.62,0,33.14100974,25.83718553,1.282686525,56.19196991
1.60721E+12,83.55,0.41,0,31.18379476,23.99167228,1.299775789,56.51750032
1.6073E+12,83.37,0,0.18,28.95638085,22.4579814,1.289358127,56.3196344
1.60739E+12,76.76,0,6.61,26.88806793,27.46383987,0.979035272,49.47032959
1.60747E+12,77.41,0.65,0,25.61749165,25.50213703,1.004523332,50.11282811
1.60756E+12,74.7,0,2.71,23.78767082,26.39055581,0.901370588,47.40636012
1.60764E+12,72.2,0,2.5,22.08855147,27.00551611,0.817927396,44.99230266
1.60773E+12,76.67,4.47,0,24.9807978,25.07655067,0.996181577,49.90435682
1.60782E+12,82.28,5.61,0,28.8064551,23.28536848,1.2371054,55.29937928
1.6079E+12,82.35,0.07,0,26.81885116,21.62212788,1.240342824,55.36397425
1.60799E+12,81.32,0,1.03,24.90321893,21.10769017,1.179817343,54.12459658
1.60808E+12,92.94,11.62,0,34.74441758,19.59999802,1.772674546,63.93374039
1.60816E+12,101.01,8.07,0,40.33267347,18.19999816,2.216081184,68.90625756
1.60825E+12,109.34,8.33,0,45.78176822,16.89999829,2.708980642,73.03841415
1.60834E+12,119.85,10.51,0,53.02164192,15.69285555,3.378712162,77.16223485
1.60842E+12,114.58,0,5.27,49.23438178,19.8419373,2.48132937,71.27534072
1.60851E+12,104.45,0,10.13,45.71764023,28.55465606,1.601057289,61.55409555
1.6086E+12,114.32,9.87,0,52.3220945,26.51503777,1.973298886,66.36732335
1.60868E+12,102.45,0,11.87,48.58480203,36.4911065,1.331414876,57.10759117
1.60877E+12,111.13,8.68,0,53.79445903,33.8845989,1.587578451,61.35382873
1.60885E+12,127.78,16.65,0,66.60199767,31.4642704,2.116750105,67.91529746
1.60894E+12,129.61,1.83,0,63.67471212,29.21682252,2.179385253,68.5473788
1.60903E+12,127.88,0,1.73,59.1265184,28.85990662,2.04874254,67.19959174
1.60911E+12,129.83,1.95,0,56.85319566,26.79848472,2.121507848,67.96420036
1.6092E+12,128.8,0,1.03,52.79225311,25.91430724,2.037185583,67.07478115
1.60929E+12,130.05,1.25,0,50.27137789,24.0632853,2.08913194,67.62844645
1.60937E+12,124.21,0,5.84,46.68056518,28.1844792,1.656250763,62.35295199
1.60946E+12,126.24,2.03,0,45.3762391,26.17130212,1.73381664,63.42110201
1.60955E+12,136.96,10.72,0,52.85507916,24.3019234,2.174933988,68.50328215
1.60963E+12,161.24,24.28,0,73.35971636,22.56607172,3.250885545,76.47548988
1.60972E+12,155.34,0,5.9,68.11973662,26.85420946,2.536650231,71.72465653
1.6098E+12,158.43,3.09,0,66.34404115,24.93605164,2.660567202,72.68182922
1.60989E+12,168.92,10.49,0,72.09518107,23.15490509,3.113602961,75.69041034
1.60998E+12,169.35,0.43,0,67.37552528,21.5009833,3.133602047,75.80802436
1.61006E+12,172.19,2.84,0,65.40298776,19.96519878,3.275849566,76.61283484
1.61015E+12,177.26,5.07,0,65.80134578,18.53911315,3.549325431,78.01871914
1.61024E+12,170.07,0,7.19,61.10124965,24.40489078,2.50364774,71.45831789
1.61032E+12,167.63,0,2.44,56.73687467,25.1016843,2.260281581,69.32780267
